index,Sample,Dbx2,Irx3,Nkx22,Nkx61,Nkx62,Olig2,Pax6
0,E470_467,2.5224075213008543,1.3551784939861269,0.03807505577117756,0.0,0.0,0.0,1.94209732808314
1,E1543_357,0.0090837111939959,0.0,0.0,1.5501752588724316,0.06472883568837852,2.2732372708449846,2.1347795511994754
2,E1276_77,0.03554783378906747,0.06537025861335106,0.1181501608024192,0.0,0.0712552783079075,2.0576101370359656,1.6243243944054715
3,E711_151,0.0,1.8239095888772368,0.09416851969420596,0.0,0.02691025941761077,0.017059993840442753,1.843150294031806
4,E484_266,0.0,0.6861834074240913,2.4680342842861926,0.0,0.05163592011083682,0.8879885545606119,0.7607131356099593
5,E1772_384,0.0,0.01824171687892534,0.0,1.954551943341964,0.08609442056511618,2.0237150917516584,2.3121558263385613
6,E1861_490,1.3701533304030866,1.6739627121083211,0.0036685545486666643,0.0,1.7903077214064964,0.06419879132206903,1.8833474103245875
7,E995_394,0.02846620571455972,0.012043869162005779,1.80836023583005,2.364163861899777,0.0,0.0014110883439193724,0.0
8,E1467_2,0.9066571418242779,0.7910704660056663,0.8739316276710116,1.0624230922518818,1.0998521906979204,1.0713024387619126,0.8512277353598737
9,E1811_307,0.03002817800964575,0.01605553435765077,0.0,2.409328096452521,0.044577906370324674,2.4122861595955296,1.7639519844724485
10,E977_184,1.83230191856394,2.259589788293834,0.012850780869094951,0.0730771698765813,1.5027360357344282,0.15343781424971664,2.0442394363033367
11,E809_349,0.13498304453230514,1.8451807452442976,0.0,0.0,0.07864413515900265,0.00042037585887125055,2.4286607862988006
12,E1247_255,0.1904091363483301,1.3006300549049734,0.0023697813522211572,1.869938251670526,0.06996049742731532,0.0,0.0
13,E775_497,0.02302686963658837,0.0,0.0,2.6532971379901302,0.002421417316730591,1.6986051679076832,0.0
14,E1273_152,0.018888385144934787,0.2495451590753763,0.342918867442122,1.9269596910891984,0.03454201608506568,1.7741171020013873,0.0
15,E105_442,0.010104312607794751,2.4786282932046606,0.07419201769101037,1.90346873516696,0.030601619047568362,0.05974251841029845,1.8992428572461075
16,E1681_164,0.3171280404177857,1.6236466661318725,0.015313587354109669,1.99569747531028,0.055619362047914296,0.4983556483301225,1.756449966408625
17,E1567_448,0.02217083338052765,0.01819532207672192,1.89261717157677,1.7488896858723382,0.0,0.0,0.004525335281611162
18,E335_180,1.817258943463536,2.280048967694136,0.0,0.0,2.102339085750556,0.0013707433690074776,2.0840562344124005
19,E27_149,1.468879576499655,1.7485170882189938,0.0,0.01345247376111105,1.9433627103411961,0.0,2.144985131950952
20,E88_363,0.03191377533290258,0.0,1.9379696252432907,2.5333854123443653,0.03917039748204357,0.028597756876549973,0.0021223799243635434
21,E1195_387,0.0,0.0,2.237769112043678,1.5261589546252412,0.0,0.0,0.02319419216032061
22,E785_293,0.0,0.0,0.0,1.7962650319937388,0.004315929928848109,1.5812957077976435,2.3587147019754706
23,E1815_201,0.02079790435789613,0.0,1.5040634640336783,2.221739331869706,0.02240734177391409,0.009703439895215035,0.0
24,E191_383,0.0,0.03426194757232063,1.3256053977204572,1.8556445373416293,0.012302540067977985,0.03331733695205365,0.026052849497733423
25,E180_34,0.3781942085999713,1.0153664329720806,0.2913679979860305,1.2907415163533629,0.3659350020775406,0.5735376852322676,1.4518831162414545
26,E1657_336,0.0,0.0,2.396309106088355,1.8898498042854148,0.0,0.0,0.0
27,E272_189,0.0050329915777361355,0.006430007248816681,0.0,0.0,0.0472985561523759,1.9213202417596882,1.9857310027269928
28,E610_390,0.036212448023528604,0.008585818143701499,1.8157003122429245,1.6382173849617674,0.030478548589092564,0.0020984189124464425,0.0
29,E1755_344,0.12438828393516756,1.5580967161138737,0.0014130485215100618,1.5908264084801216,0.08380836871889961,0.061015226363312434,1.9207135652197351
30,E1025_215,0.046341485381301874,1.8870071634357688,0.2345550105726681,2.49410407497478,0.06100232880336656,0.09356944344028262,1.9071541138262549
31,E1121_35,1.1571043974033952,1.1033402754427613,0.0,0.6167117367285709,1.4716408704135555,1.1663357842243185,1.8459514553249208
32,E1971_131,0.0815700915789389,0.10466910552593924,1.0767630664163654,1.9437988854934825,0.07411514233023361,0.0,0.0
33,E1787_399,0.03405040059152166,1.9723199350957337,0.014140509260472426,0.0,0.046051498408693735,0.019585485992162144,2.3801010231505466
34,E1707_375,0.0,0.0,0.0,2.461803300522926,0.005798273718958203,1.818255970922696,1.516215439498946
35,E1080_427,0.0,0.0,3.1822881364484736,2.382922108111256,0.0,0.001290819776279584,0.024311235364766703
36,E1749_59,0.2383336982264287,0.4231162837673793,1.5442815416263271,1.993854720969621,0.3981092471534533,0.8049108081628562,0.0
37,E1614_449,0.008631851364923233,0.0,2.0389185368568303,2.117663768292877,0.0011880175860683655,0.0,0.0
38,E390_264,0.0,0.01654366249322965,0.0,2.93557122627644,0.0,1.7993010299917338,2.1337004288504766
39,E1499_1,0.9392200434847257,1.0057890192395198,0.9248448245815848,0.6550549801248645,0.8598525912548772,0.9956761115252344,0.0
40,E415_215,0.0,0.09217327917155536,0.0,0.0,0.0,1.8064013787241664,2.1005287105829216
41,E257_427,2.7783648789667037,1.6302940265807917,0.0,0.0,0.0,0.2465570362930589,1.7849511802676044
42,E604_472,0.00705862137441051,2.261255357499476,0.3113511621975646,1.9085591589248336,0.08152352048503557,0.025897584292378102,2.1672745361422194
43,E1252_21,0.49830319418986896,1.070313913249988,1.4597588726419788,0.8743229571939839,0.5801875762583557,0.9162637322148716,0.0
44,E1536_293,0.0,0.0,1.9092833988964064,1.6485709689149854,0.014236046522918778,0.0,0.0037737233187410814
45,E1109_424,0.043459400144504806,2.14184456933906,0.0,2.0613624409575046,0.014497927629846391,0.0,0.0
46,E1143_310,0.0,1.5816622894443717,0.0,1.9454623150355024,0.017193498600262546,0.009177083579292408,2.0532451489150274
47,E1710_164,0.0,0.0755211076342565,0.7792975068987162,1.920283198568382,0.030209809137145674,1.9385597302506483,1.50267256106631
48,E339_92,0.0,0.0,0.0,2.7451137885383843,0.0,1.4665450377222926,1.7350196134671687
49,E1236_343,0.0,0.08900967363710251,2.0750147561556282,2.2064507074309936,0.0,0.03429621701988072,0.01409584174256672
50,E397_370,0.004308324376702708,0.0279135361331021,1.8543802380580456,1.7548936526975616,0.036651055566924176,0.12007268512726145,0.018632682300243262
51,E301_426,0.05079714417444157,0.10243340872559904,2.133292877347041,1.9454718333245469,0.0,0.001311539928062547,0.039997943390148664
52,E794_312,0.0,0.008204436077640891,0.07973030027272847,1.7472799909881067,0.07696838499261788,1.6047411922070405,2.0382418745307143
53,E595_490,2.004051927373084,2.269611346176565,0.0,0.0,1.9901173461240265,0.061887028414208685,1.9518666317593545
54,E524_363,0.012820214404449566,0.0,2.1327866961860065,0.0,0.0,0.0,0.003730865701353293
55,E1763_362,0.008874431099205507,0.005665200614604767,2.203530519267296,2.2189529687642247,0.0,0.04409327428810949,0.06433429549616093
56,E1065_305,0.0,0.029197818941800912,0.0428779248134337,1.936401295829275,0.0,1.7952429533204366,1.9201646543212767
57,E1745_255,0.0,0.0,0.004940462783374629,0.0,0.0,2.049443746965014,2.443766942787429
58,E1732_398,0.0,1.7399419401816818,0.0,1.6235665638534662,0.0022666352706996696,0.02799190521872284,2.2103453871839283
59,E1808_77,0.0005516681224631539,0.6483665735687636,1.5784195850627458,1.9797038641575613,0.1475153563453609,0.12683006574473715,0.0
60,E813_354,0.003309777484707649,0.0,0.0,2.279470698273207,0.0724487419743368,2.18120189653869,1.8445693111716257
61,E394_95,0.4028102287756686,2.5858685310965126,0.3763596196685304,0.9710762182613528,0.3154258260846221,0.0,2.2216339823198576
62,E502_12,0.5908796533372961,0.44751376740185694,0.8782170484590718,0.0,1.0684035088659949,0.5603275177167701,0.0
63,E161_348,0.00245295699020636,0.0,2.02994254634151,2.1338377216085482,0.0,0.11045680389893248,0.039123809252185414
64,E532_38,1.6587773160671069,1.7979145951709885,0.10332984102142907,0.0,1.8618770435751133,0.5993073880205597,1.7912822868483838
65,E1066_72,0.0623621194615808,0.8197056336888721,0.1593350061775938,1.3271485707672581,0.06433678918765423,1.7822259492599186,1.772323944954354
66,E147_292,0.021442734751659483,0.012777190904745706,0.0,1.5411009254389656,0.0,1.9463759688956337,2.37301659320204
67,E420_141,2.1054421176573195,1.8438283667129642,0.0004448644282914959,0.0,1.7555024413546092,0.029318875754731667,2.4780767590750306
68,E1941_105,0.4157980131394218,0.6464756743924891,0.0,1.178103568189233,0.9550199351931008,1.2925000545065028,1.9121966281034684
69,E207_240,0.0,0.0,0.00011582245031001824,0.0,0.0,2.136084756531768,1.6744817053329697
70,E946_162,0.0011657602883709812,0.0,0.03178283463221281,2.1499752719730227,0.0,1.8863416777350104,1.4735687143469287
71,E63_456,0.028264051162734862,0.012268937463636404,0.00812397480420959,2.3988418463565533,0.019483528843829503,1.935804305815608,0.0
72,E202_302,0.0,0.0,0.000274125139654307,1.9288874727463776,0.0,2.055403766318027,2.0265822714178308
73,E278_213,0.0417526658861105,0.0,0.0,1.7126298276163407,0.004119344092555476,1.8210231462464128,2.042252679416649
74,E658_361,0.004657352790351631,0.011561710256062915,1.5598417863429554,2.1070754814214783,0.002345086955273339,0.0,0.0
75,E1816_27,0.1591241861919386,0.4731423415172907,1.0101522208590077,0.0,0.2243231139710011,1.5580342342128843,0.0
76,E650_105,1.0832925534366873,1.976471529507352,0.0,2.1897839570534043,1.3404477952014495,0.016087765877300528,2.6370845435254187
77,E1217_204,0.013359149523319515,0.0,1.7871602723001003,2.7962423027720344,0.011134754415449704,0.002217039981935856,0.0
78,E1205_134,0.7001646132388164,2.144029398186113,0.14542613383127498,1.5841237723034098,0.6959999049080845,0.0,1.846880585357996
79,E609_245,0.03098797724776365,1.7910464874052934,0.06730141457143911,1.959286499697945,0.14687347578368434,0.0,2.0978820910109097
80,E1552_401,0.01318354598879833,0.0,2.303370918345964,1.934544109079701,0.022164785910800337,0.029081903711194512,0.0
81,E784_47,1.766422110241684,1.3748572901586826,0.557263462981999,1.2095963749853422,1.3776436855018706,1.9439120474255245,1.9306770256706545
82,E802_268,0.013686816655351873,0.3676915539869041,0.35463919242466496,0.0,0.002702770269652986,0.3984787804134464,2.2722195088582
83,E1864_394,0.0,0.013723218027807366,0.0,2.608826394705906,0.04187950843650988,2.46585565496519,2.090058135452561
84,E130_440,0.017515709747294158,0.03591006844676773,2.2479217797811,2.459167962542671,0.026890015626079164,0.0,0.016770490675259882
85,E869_7,0.34747759102653675,0.9154650584726752,1.1525085912573168,1.3515224762142182,0.7298129898663633,1.1182416497516514,0.0
86,E1748_106,0.03423595964101689,0.7010842146641815,1.6314003021000685,1.7334934877885415,0.33425519377000323,0.3048368228759594,0.0
87,E439_70,0.02480916570471901,0.3573907082159759,1.1900688383038949,2.356753745754713,0.15472984941736725,0.27960394978691944,0.0
88,E826_150,0.002494180280992665,0.09508988001826248,0.13153195954302715,2.258346382338092,0.4239016027476921,1.5023953405144608,2.137840172494839
89,E1104_260,0.042239647471221504,0.001880828942325761,1.9187042862397168,2.491552097386489,0.05834648405784953,0.0,0.0
90,E483_381,0.0,0.01531287116875762,0.0,2.0564889956116703,0.0,1.824800720392484,2.1807136436105905
91,E1537_58,0.7364860900227367,0.8989733076482653,0.5430172914045203,0.0,1.268714502123073,0.6749816992199177,0.0
92,E769_454,0.03705285076918697,0.019760062950507185,0.0004980290120048577,1.975568905010885,0.0,2.118905480492822,2.2922154000226818
93,E879_289,0.016011725997975318,0.0,0.004669536552091903,1.5597911756851102,0.01109270295405898,1.963379965982236,1.8461676159263056
94,E1140_204,1.4163547856873602,2.0919448538271173,0.009340401212831334,0.0,0.07308521041661921,0.0,1.8854423620165583
95,E1929_276,0.0541415796037529,0.3869277111319037,1.5407033520078952,2.1837400352406644,0.008403929997933109,0.0,0.0
96,E1751_62,0.12919903071801336,0.2025184705688737,1.7762023979964456,1.6142785903039258,0.7526061908100156,0.042358303265514416,0.0
97,E1319_469,0.0,0.0,0.030600260548248867,1.905960315210292,0.0,1.8344223918096163,1.8954323971995601
98,E654_239,0.006781847561827075,0.0,0.08765734353889185,1.8859305090579204,0.0,2.0884108127305674,1.913601771602675
99,E116_239,0.08776464614169042,2.3569502210569597,0.0,2.1392221097770605,0.03820346028116985,0.0,2.3716319475374927
100,E1462_198,0.004614717560205532,1.6268127027961692,0.3771792713363314,1.9675961787204632,0.003667259958018345,0.018106731372297617,1.3248275887303602
101,E1769_390,0.049818265627103286,1.30260425997662,0.0,0.0,0.0,0.012495753567411337,1.6167282854363048
102,E1175_2,0.8717851274029955,1.0405360845879308,1.02469453145442,0.0,0.928427930355066,0.7350080786088301,0.0
103,E1847_343,0.0029864000757910576,0.015307686981298496,2.4439278990268467,0.0,0.011172695917554579,0.04310222488785812,0.0
104,E1757_418,0.02262425227478686,0.05301184231584618,1.940341489017069,2.3569444884658646,0.006095890967362114,0.0,0.0
105,E928_336,0.0014743525763202692,0.02589077290143229,0.029109289879763287,0.0,0.0,1.3884479913638048,1.9133371599090592
106,E1573_497,0.02911439239312498,2.2534597253034656,0.0,2.482276332366665,0.0,0.0,1.7677591146618188
107,E1555_126,0.0,0.008689564089156776,0.1399302334433933,1.911673603356328,0.12040559255463365,2.2018684563751503,1.4921283157672172
108,E449_61,0.3061499524878984,1.4457486220304816,0.3435654842645822,0.0,0.4491684334746761,0.3041842893357537,0.0
109,E1607_365,0.04405623141437229,0.1408203366853579,2.2953951663308594,1.6631495385362878,0.0444297095393568,0.0,0.0
110,E797_133,0.0,0.0,1.936827321741816,1.9836759790055305,0.11035429966027327,0.0,0.25380801582107665
111,E998_1,1.0984176071854028,0.919708741104101,0.9027627260740037,0.9478794911315132,1.0521809124765746,1.0918667670437394,1.158934070830132
112,E1019_1,0.9223631938908556,0.9495152946358438,0.8038248094954474,0.0,1.1215505721259549,0.997625870986876,1.0220425936981918
113,E559_45,0.109198003843798,1.1642628692781565,0.2386419599226305,0.0,0.04314659866845924,0.3446844234306692,0.0
114,E787_442,0.07189613759034286,1.4986973815639733,0.0,1.7767661049154464,0.01937703871551097,0.0,1.6167094596038514
115,E1604_191,0.0036392827470056893,0.0,0.08924267661293961,1.991887899584776,0.0074846607759968264,2.1376525408874176,1.906080171945276
116,E1859_80,0.0,0.2156303752502691,0.08185696769701101,2.0176738318434744,0.18261907886400314,2.001396802377983,1.7630904219988417
117,E1872_200,0.0,0.2576534586599091,2.0986518419436684,2.260014175176845,0.018127352577124226,0.23832956299211425,0.6036668840861344
118,E762_407,0.06232520074548481,0.0,1.4373874672040712,1.9403053597736053,0.007359695873004624,0.0,0.0
119,E64_35,0.19081739777499832,0.0,0.9670667560040004,1.2177249775690786,1.0192753198662294,1.0549814029947786,0.0
120,E1108_99,0.03341205851438886,0.1990909705925231,0.040342287892968336,1.5029102975067214,0.0,2.0238860832160745,1.928699494199825
121,E1818_366,0.043746243427212325,0.007346069882075533,0.021450046133741255,1.4836184269811277,0.007493559802244545,1.5326871488439888,2.46024955408463
122,E69_444,0.0,0.0,2.0093126322706385,2.1159178997738817,0.0,0.0,0.0
123,E1879_288,0.017193481100523704,0.0,2.5158422437950194,2.04873566250482,0.025596493051325497,0.0,0.017160436106152734
124,E1128_72,0.5043799136799314,1.310612660393942,0.2021507019063829,2.147691296536772,0.3865993469049619,1.6656315052908823,2.0172203787148515
125,E1301_452,0.03516609282055068,2.3843807902589007,0.08484984863856096,0.0,0.10998516120648956,0.0,1.9812896744980109
126,E833_275,0.03955056134504141,0.0,1.784657514640167,2.449693698973386,0.0,0.005597477979230979,0.0
127,E844_407,2.0497767530208,2.128902849265295,0.0,0.027906960166154897,1.7966590652470242,0.0,1.6209457394303182
128,E1146_256,0.14757320450829206,1.7700065483505318,0.02087072318937384,2.111231182107959,0.4899572407286224,0.8013294513592226,1.64881532620639
129,E72_245,0.0,0.031361923736854536,2.005373116436904,0.0,0.0,0.0,0.03414103213330899
130,E1259_202,0.0,0.0632574913963434,1.9521789348028729,1.9357427137643075,0.2940111282178172,0.250905535005735,0.0
131,E282_73,0.4024642276510674,0.3304802755377106,0.04843526809208927,2.2445306117852466,1.3926097164714881,1.6610980710222825,2.226588995938727
132,E1347_305,1.7638445989961804,2.2420641475374814,0.02391642342127393,0.0019311730866111386,0.0,0.020265753857247527,2.0197605401211103
133,E432_452,0.02425034259226122,0.004945562810082021,0.0,2.337302430034373,0.02189878189306826,1.6827904656632124,1.5090800181016142
134,E1975_407,0.04624013466770459,0.0,0.0,1.747870156415725,0.0060738001598012285,2.149844358855246,2.2072873699188835
135,E937_114,0.3017670344743097,1.5445943945073848,0.8760819719958749,0.0,0.5935412600770242,1.4318020830340152,2.0128399413182207
136,E850_96,0.2309298802373989,0.3718226824565503,0.1228025180525006,0.0,0.0,1.965309565412,1.9081929907298711
137,E1504_387,0.0,0.0010083882033448245,1.7988916411403808,1.9619308308753185,0.0,0.0,0.0
138,E1705_60,0.4362007744377607,1.2289639575762017,0.34527715583874696,1.3550148990224642,0.35150735818560064,0.8742756955390535,0.0
139,E573_20,0.6424701231776546,1.487033291834534,0.8349884582121101,0.0,0.9673212106024712,0.726422290708289,0.0
140,E1852_462,0.129044479323752,0.0,1.9080254185875016,2.1146110310664983,0.005683991757624716,0.031114648106517543,0.0
141,E11_434,0.03584250903354925,0.0,0.0,0.0,0.0,1.927184383219055,1.465327820629582
142,E1624_337,0.00011084561361603584,0.0,0.0,2.1307872440055187,0.08902612421231015,2.1615577743394154,2.249380487546336
143,E691_370,0.0,0.0,1.7714390725342102,2.0978930670239104,0.045744456254145936,0.0,0.0
144,E375_97,1.020511236723996,1.1874021487770512,0.1941690283608124,1.0133668492095778,2.440285947813833,0.44341276657724576,1.9784041458395247
145,E685_266,0.060536841123289886,0.11917549397031148,1.9517522817147697,2.163828561708104,0.08311943614992688,0.0,0.012562546065759343
146,E275_385,1.807319269597176,2.1923814417188976,0.0,0.0,1.7753301118177232,0.0024021125107994198,1.7123045692125471
147,E1040_372,0.004138272912363782,0.0016019649608905034,1.5555868946177251,2.0664212640414164,0.01944705852214664,0.0,0.0
148,E1985_422,1.6742266843502775,1.2158248383053931,0.059181784628523075,0.0,1.913469164829452,0.014675204237973041,1.5927792378256789
149,E473_471,0.002831311673151971,0.09776073857391526,0.0,2.7132481534906243,0.0069923032014320465,2.0940645893627403,1.957433752147238
150,E1464_107,0.0007366442923204173,0.14620824169695218,0.012903988278174286,1.776869127281068,0.09987692181713767,1.7987329898566216,0.0
151,E503_450,0.03942633508926161,2.133589507143613,0.0,2.341738024238591,0.00045000238577055,0.0,1.6001971441522944
152,E1242_307,0.004967923602944256,2.5619475837557903,0.09895629121881536,2.119563328997332,0.0,0.0,1.9689425969558545
153,E1803_101,0.22343156008528725,1.2385339428571784,1.3960103032030151,0.0,0.0988302016682256,0.4372659663185849,1.9733485831850717
154,E151_469,0.015902941604568004,2.141882946232508,0.0,2.0623207243033725,0.05274310249179053,0.0,1.5100313001137218
155,E814_449,0.016811707702938918,2.2846749932517016,0.08310356536809232,2.1441836927063056,0.03154366227313905,0.0,1.6830895389239466
156,E1836_63,0.2603059845556032,0.7639036006535749,0.5164466768610393,2.09011829611649,0.2799157389524666,1.5197527077249455,1.9940789716655438
157,E482_136,0.04743861662230612,0.1732381808229989,2.12132558975072,1.5946789158439532,0.00050849837858662,0.0,0.0
158,E640_17,0.4087948188294924,0.6733305824291469,0.7898792703552798,0.0,0.7961280466465419,0.8890933827580937,1.0377264765991585
159,E614_178,0.0,0.0,0.03975870675111149,1.8603123865186464,0.032593996174305244,1.6772055489250726,1.978183721326897
160,E1795_246,0.0,0.02074213199403,0.031275965019228955,2.0982634328051333,0.004679773802990006,1.7879609570977364,1.658768564774342
161,E1874_107,0.07226907035470448,0.21497796508264627,0.01997208099905186,1.8774644453277065,0.046900992492025936,1.7928760500672187,1.6818677942308509
162,E837_480,1.8183956433998223,2.448555840403309,0.0,0.0,0.3499397175259168,0.0215390211383343,0.0
163,E1488_352,0.02555416790151951,1.5851251582543593,0.007001193181669044,2.1542034998643835,0.02486075680279792,0.05011304622918605,2.091612107704408
164,E428_309,0.0006740047113904454,0.0,0.000110443939428502,2.108182767503369,0.043858632364229586,1.5875973009689015,0.0
165,E199_63,0.24264913336566124,0.8871165450848941,1.647120400694426,0.0,0.2582564071001009,1.2261660334096094,0.0
166,E1557_374,0.048717247445178025,0.0,0.003359322363102195,1.939612996040792,0.0,1.9710089086472429,1.8796556701454448
167,E777_492,0.0,0.014556079879522744,1.6884852254465588,1.9961150776740115,0.006783800945088949,0.0,0.02797295330671948
168,E1335_101,0.09502567243327116,1.6125059863728013,0.1155424299060331,2.06838176585969,0.023525609220677986,0.0,1.9287595136211544
169,E1241_495,0.0036247030909360993,0.0013935346708818437,1.6863715697690569,1.8603144990278,0.0,0.0,0.06385422057984687
170,E33_482,0.005138801653069836,0.0,1.6506347952608564,2.0378170131315283,0.0,0.0,0.0
171,E1060_41,1.3072025083958312,1.662050571602643,0.0,0.0,1.029335462432538,1.003065621274458,0.0
172,E491_80,2.053299362895046,1.8302609657001785,0.07697237843596404,0.0,0.3693450311303312,1.2669762761675187,0.0
173,E1947_139,0.0,0.16773681367121354,0.008707698907571759,2.042175431895786,0.04854112706155035,1.8791223620193167,2.1578985295281186
174,E1577_489,0.0028809507666554732,1.8373928667146795,0.0,2.173945035280571,0.07033929833065511,0.004211597939363306,2.1772079211634217
175,E354_466,0.0,0.00814495460103605,0.020311992353627302,1.988233734713631,0.0,1.6726691838345455,1.7431907827721274
176,E875_300,0.04891991982246667,0.0,1.3358571887546846,1.9412126314348868,0.030220378947596306,0.0,0.0
177,E132_339,0.06263444242939598,1.939557000462544,0.0,1.8909920058040661,0.0,0.030439686647511805,2.1153963408853667
178,E1708_188,2.0228479562183903,1.940335361801488,0.0013528881275552374,0.0,0.9522720722124408,0.003665966783132853,2.4191023467693387
179,E1909_151,0.05095736427530778,0.0,1.5554560089231189,0.0,0.00901596885803346,0.24968935825001776,0.0
180,E472_377,0.0,0.01318245763828884,2.4154724675130317,0.0,0.05398199320723787,0.03381141802311601,0.0
181,E1064_117,0.05843552251584624,0.4650154015753091,0.0,0.0,0.12560974595261776,2.0352943255581057,2.0547423328669696
182,E1029_67,0.5256716872120062,1.888917433015901,0.8055058463873022,1.6568064290491236,0.8149956175028714,1.2635417063798808,1.9354492213740444
183,E1321_418,0.0,0.0020178779776814726,2.1994118234346347,1.8274773281025205,0.14951222661100064,0.0,0.0
184,E1962_282,0.0,1.6505227190798997,0.0,1.982226006990492,0.003584357126781269,0.0,1.862921004831778
185,E246_448,1.7487680631608944,1.7688321841114274,0.0,0.0,1.8920016247695608,0.0,2.0345941435864936
186,E497_393,0.0,1.634452535748044,0.0,1.841862866022835,0.017794675259333224,0.006353293926448389,0.0
187,E1164_28,0.3078699401812203,0.9462988423542964,0.6030465031033141,0.6821046988026914,0.4906225539894379,0.6651373405423924,1.095927178005767
188,E1403_226,0.1012511809881826,2.1694160613919533,0.0077985555458865265,2.303135251637785,0.08041938598811511,0.11139036076121656,2.2226544046213386
189,E1157_33,0.14433723956811226,0.17797547586295068,0.9390713718025292,2.00845738160904,0.4237119862192745,1.8735602015689683,0.0
190,E1271_46,0.06569174679391007,1.1027925053995595,0.2756323972711837,1.4841741615013604,0.16008443390975502,0.19720369291044548,0.0
191,E888_499,0.045751909491259936,1.9088503377986807,0.0,2.5437255790710047,0.0033114438623678896,0.0,2.244002999103673
192,E166_156,0.02920547650749849,1.9742410261870744,0.0,1.0437529325110368,0.0,0.0,2.336486770650368
193,E222_161,2.0094357593741954,1.7831294066942411,0.0,0.0,2.021843932396238,0.0018874974429730481,1.8205942815104967
194,E465_388,0.014763233811016985,0.0,0.014293388721981581,2.1133087980814422,0.0,1.6619563394891093,1.7590516317030167
195,E160_25,0.2659739149623004,0.6510628543738202,1.0213739109577185,1.3846131857872124,0.5670493206320966,1.2699670802338672,1.7994084198421616
196,E281_278,0.0,2.3824850794523385,0.04408122906900749,2.0771153809166685,0.0,0.0,1.8452834651242789
197,E164_41,0.4161575918934669,0.4151752506798288,0.3930940917486975,2.131205712789445,1.904004392341439,0.481888873212106,0.6120082393302979
198,E1360_93,0.034693101581862784,0.4223364748933129,0.7088171433060451,0.0,0.0,1.7667628292685593,1.992559256820032
199,E772_14,0.6831207300231625,1.129499185256743,1.2299429793269714,0.0,0.8886462556295149,1.006054172670843,1.8179579177092096
200,E698_475,0.008900406322224429,0.0,0.006489474032972977,2.1034372390343647,0.02648982961231236,2.367885724850768,1.9562670551397023
201,E1384_383,0.02075852339641757,0.0,1.6038116681652017,0.0,0.08823949810218942,0.2814144068730183,0.4408005024489237
202,E411_374,0.0,0.05226483169946318,1.827384561565201,2.3141774744020545,0.007194992513688672,0.06831242977393738,0.0
203,E1525_34,0.0203621898463,0.670930322363336,1.43667533413773,1.9109081388096183,0.20968425995218465,0.0016792361437126119,0.6101913230463633
204,E217_337,0.04733671143852042,0.005419685607510261,1.886379355080116,2.1462630538876417,0.07799655408565158,0.0,0.009076373169283407
205,E738_172,1.8828353984422808,2.0344085194285917,0.00020921428099649608,0.1804440502438496,0.013400416571547129,0.14106748857513046,2.188005034193345
206,E893_368,0.0,2.3028504390412863,0.0,2.3115993416567977,0.002426562553958147,0.006300813310400489,1.9544459925547848
207,E555_142,0.4143379502637738,0.3938635043720263,0.37088478893339816,0.0,0.4120659160387993,1.8539082886510143,0.0
208,E386_158,0.0,0.0,0.0,2.188212837532604,0.00014740129137661567,2.2370469751737607,1.7706480800672535
209,E1272_265,0.021177028087239563,0.0,1.9890823095463293,1.7203635740321288,0.0,0.0,0.0
210,E1937_349,0.06099691441973864,0.0,2.4916592878758124,1.982537275347212,0.03420008776195922,0.0,0.21744724553218114
211,E44_273,0.0594426151638614,2.0037863505024704,0.0457179808511332,2.104831720646724,0.0009765906693455632,0.0,0.0
212,E1949_486,0.008158451330683025,1.818419828826901,0.04634564712360721,2.0134690548350482,0.02928297325793615,0.0,1.6798401233687568
213,E1775_267,0.0,0.002925851647660837,0.14699199558602266,2.0088997729286784,0.003197066250429272,2.551438990628536,1.8768304466411865
214,E1078_341,0.0021359622746297,0.0,0.0,1.8762650550307367,0.0,2.769523758716564,1.7906507848683484
215,E962_27,0.1138908431486277,0.3711201732264043,0.9420945679470916,0.0,1.5408591107798852,0.8554191006172372,0.9773332672215242
216,E1058_330,0.010264771354584664,0.12546768702157393,1.7674008588566414,2.5038887768518903,0.0670071434819095,0.007343711216915302,0.01432979661378745
217,E796_411,0.01821345240503706,1.7761025779864212,0.010542302582610923,1.3950239427747628,0.03214253506952612,0.0,0.0
218,E1838_64,0.0,0.0977790358955481,1.3257835723454934,0.0,0.4974399832135941,1.059906660899166,0.7780208712959396
219,E181_154,0.0,0.0,0.03636168875915893,2.327730111227566,0.0,2.182550811016867,1.8496122479172457
220,E1125_323,2.0750801502081693,1.6806032670680533,0.03761168631250512,0.0,2.167351371517273,0.0,2.0032182571893697
221,E1759_370,0.0,0.0047965798740308326,0.0,2.2389620874376903,0.0,1.2422837113788394,1.9542717343797875
222,E1379_291,0.00047997275383380723,0.0,0.0,1.6531183870789423,0.0570955517044333,1.821723110761056,1.6717044298452537
223,E1457_217,0.0,0.5784038692696506,2.3451740506803493,0.0,0.10409846239140552,0.5555123175657829,0.0
224,E766_296,0.0,0.2250719021826441,0.0,2.062706910753036,0.0,2.0189359116131738,0.0
225,E1789_232,0.0,0.0,0.01555725925652161,2.333434163827313,0.0007380681114918398,1.3672427876118505,1.945226047967006
226,E702_410,0.0013224777506344915,0.10338001416712912,0.03299293839595159,2.2233316423791623,0.02547495268814088,1.6396633781132235,1.639655573330761
227,E76_1,0.9429192069430692,1.0780973261392723,0.9492903267385736,0.0,0.9868536223988988,0.9808168889374588,0.0
228,E1978_413,0.0,0.0,0.1479407833188114,2.018260591064384,0.0050710954604721355,1.5573533157766106,2.2039189227689846
229,E1294_370,0.0059990959789205656,0.4133796936303028,1.895212073342364,2.2464512248783888,0.0,0.5817295967779004,0.0
230,E1917_413,0.0,0.0,1.7939834070115397,1.3573019467682426,0.0,0.025401727685369864,0.0
231,E1038_305,0.05986998046343544,1.9451305896797202,0.04720731505348664,2.2250721047457205,0.05062777740345868,0.0009851814202981543,2.2232720485548576
232,E286_77,0.0053186506028884365,0.0,0.0,0.0,0.0919214742383452,2.0406303868898235,1.5462204434845168
233,E1410_458,0.009689778682533838,1.3653271874018735,0.0,1.9455974034527408,0.048895204380823926,0.018558476847381745,0.0
234,E1409_154,0.030981214729286593,0.0,1.702878716221365,1.9164000401771613,0.0,0.2824135006686266,0.27897680101728817
235,E1127_486,0.00124985093956579,0.0,2.217540317657021,2.368954956370029,0.0,0.0,0.21056632112445656
236,E153_59,1.0014678276524298,1.9818519718675065,0.15154979788250408,1.2512324459483186,0.9484251842072976,0.9811201792622264,1.7987742122326955
237,E224_204,0.0,0.0,2.25307233186306,1.5456007460748489,0.10294333644360797,0.0,0.0
238,E47_31,0.4426753070004105,1.70220519049619,0.6131917149808032,0.0,0.4893590836784916,0.73123180204359,1.574801035927468
239,E1670_278,0.014151851122228496,1.7128076298876551,0.0,2.011737661497523,0.04328104124214921,0.0,1.6757253015312226
240,E1931_127,0.07363454763941008,0.6251536789124694,0.7631296954314956,2.1604745979356204,0.0,1.3610913801361422,1.4743922927486193
241,E476_328,0.0506669097444454,0.0,0.01614847139624355,1.969810828631446,0.6933271130069675,2.1210144539923186,2.4102785878317
242,E215_291,0.012313027937496644,0.009623662196744688,1.8677249078721727,2.383569358108608,0.0,0.07716975312621169,0.007022709353886086
243,E1219_63,0.5290531545845473,1.0572172554123729,1.7189274152709468,1.8935255964945032,0.6632042198306911,0.3769689173960769,1.3441831928043573
244,E1533_52,0.0783428990468295,0.9959111024472372,0.6077347404219416,2.183808688442685,0.3081579859032171,0.6925302303704558,2.0829363802907848
245,E1014_149,0.012148230768215655,0.01803427260660485,0.41428310645119215,0.0,0.4394929481775457,1.324637868118467,1.5525490159582371
246,E1943_260,0.0,1.9635799979240087,0.0,0.0,0.002330986575402332,0.0,1.8328663234356808
247,E1455_105,0.0,0.26216009055658657,0.2488003908346529,1.7136108130040095,0.0969122098885794,1.400672542042832,0.0
248,E1930_388,0.06760095589284536,0.0,0.8894697487869777,1.8902378123517207,0.04559437094136838,1.8213481829843376,0.0
249,E1416_294,0.022287003752600704,0.05836855703965504,1.9205194173593816,2.4192798697329594,0.1835602744741585,0.0,0.0
250,E405_60,0.1327699096617977,0.5153377393560141,0.1714032074450964,1.2968163370677628,1.1724031085800142,1.214893925184437,1.86787135328666
251,E422_371,0.023465961734485584,0.009037859790950536,2.061485324159187,1.7281327913474989,0.053775436693781466,0.0,0.016202630425298674
252,E1550_287,0.03638453631836885,0.02509890606080823,2.2987063467689595,2.0180800191873844,0.07931652801145228,0.020483475199877144,0.0249133656735727
253,E1807_22,1.1117403665618515,1.4570511727984157,0.6881057712171718,0.0,0.5842119353078343,0.6940361839261999,0.0
254,E1265_330,1.7044362575609735,2.050901876978973,0.0015435118605938475,0.05501286986763723,0.0,0.0011861266166892331,2.2658344680946407
255,E359_491,0.0,0.004879827672887494,0.0,1.8192440676070232,0.0,1.861485364575864,2.1294582828645816
256,E95_15,1.24438224269932,1.7945618844240383,0.8257099799743101,0.0,1.0481501765205876,1.1146971329747817,1.404720214402188
257,E1314_494,0.027071519386332173,0.0,1.796131605902606,1.9485043621469282,0.035166436424281675,0.009183761770834164,0.0005197885449146102
258,E1895_281,1.5742539428085347,1.807922441703748,0.0,0.12694356236000326,0.05779251894842915,0.04735988131155292,1.6974527764306786
259,E1334_316,0.025585706740366268,0.0,0.03128305577342458,2.4133970769931947,0.054017749494707626,2.168667213393618,0.0
260,E434_367,0.003160579808443679,0.0,1.657619697899216,1.6033664212028431,0.041768913364418826,0.09290983699670846,0.006287306120498964
261,E1268_270,0.0,0.0,0.0,0.0,0.07580108449081265,1.5537336983735297,2.0939437675354515
262,E851_238,0.12261431044332755,0.0,0.002621920206613608,2.1697851511971407,0.05860151809580862,1.8698499833040068,2.116898950348036
263,E1956_162,0.0,0.03071412570728425,2.1870412463299687,2.1098068793718703,0.031142198750064524,0.003689188684345739,0.015063215488689854
264,E334_98,0.7643029480557904,1.9897797591575688,0.0010937539386500401,2.0439962980213093,0.3325755043931764,0.021071205265482125,2.61581563954044
265,E1026_101,0.03835688775320848,0.0,1.8796181686159217,2.4155575763658006,0.09439758090937572,0.008541360317002006,0.014542707158141497
266,E1684_341,0.03138524435724992,1.6902155907494942,0.006568939558079063,1.645293387992679,0.0,0.0,2.1795647503206803
267,E1799_159,0.035991041158534486,0.0,0.02334143409426369,1.9791409556256023,0.16037172340251715,1.9230489585727029,1.9106405017820685
268,E1154_381,0.0,2.354547837103889,0.0001056052987153962,1.910101649842076,0.0,0.0,1.7964326935594983
269,E1661_62,0.11400728432280895,1.1270069331399792,0.31721409054108096,0.0,0.0,0.5494203887452386,0.9776233329991676
270,E5_350,0.0344014706217651,2.0578134650485365,0.022791289435768084,2.047221100579723,0.0,0.05839419639263984,2.3402535073249497
271,E1631_357,1.9036116809646049,2.655224142437605,0.0,0.1309496574029131,0.0,0.0098344503137613,1.8849436174597896
272,E1761_462,0.005567682284060956,0.0,2.873725728404549,1.9797608001460305,0.01127401102040845,0.0,0.029323874690945294
273,E1876_438,0.022813498020197998,0.0,0.0,2.3906624725680516,0.06541476052202895,1.9695141988143725,1.9834298120261489
274,E183_265,0.29490351416710736,1.9162980370943408,0.0,1.9104511055266864,0.2360607057399021,0.0,2.678323283632598
275,E324_301,0.044275799467170716,0.0,1.7707917051564586,2.1402262113621293,0.006997678609554867,0.0,0.0
276,E983_121,0.0042858359410909075,0.04970441994201507,2.05741173600803,0.0,0.08330763158484505,0.0,0.04055820571083035
277,E1798_126,0.0,0.0,0.08188656805470815,2.833272487655601,0.0,1.4584699328595152,1.753692591240387
278,E1974_283,0.0,2.4258576788493724,0.0,1.852816376732147,0.0,0.3660327924713659,2.73218367215297
279,E1686_52,0.5341455694336293,1.1346743543833016,0.5318482339966208,0.0,0.3105264967008093,1.016827804936398,1.706420851823585
280,E337_492,0.0,1.9655378427790733,0.0009360959542081377,1.530184175461236,0.0,0.0,2.1169596504195534
281,E54_277,0.16213140066417514,2.051932263185297,0.0,2.0235326474290005,0.030731015921922487,0.020211981431978047,2.0527098988767745
282,E681_237,0.0047523648977555,0.0,0.02550298758231588,1.9330723667249063,0.0,1.710712120265634,2.4524225691599773
283,E1984_352,0.0,1.9504788289628792,0.0,2.208130132651261,0.0,0.0,1.9090658404429088
284,E1310_374,1.5027718489457496,2.1435009074184848,0.0,0.017233198541149297,2.031528017275821,0.003471942365939314,2.1203154171065064
285,E1415_370,0.0051405592949847895,0.07261643782158053,0.0008491315348871861,2.130980237531501,0.015925148206198527,2.0597554436351104,1.5555736056225145
286,E1565_112,0.004531876164874188,0.0,1.7812690593189635,1.899082301955788,0.3792734462780685,0.005589919503508454,0.0265575031335266
287,E1341_12,0.6750471519708039,0.7843857060514803,0.9488576799046906,0.0,0.4748305789638052,1.1567420704465377,1.6277602423238775
288,E252_138,0.030799419975655263,2.177602517564024,0.0,2.3218399901091216,0.0150887839195706,0.47972540706822203,2.0679543208196995
289,E6_9,0.8158952223546859,1.054898687558221,0.6691454948354755,0.0,0.8405306847567846,1.0335215553547896,0.0
290,E815_482,0.006174047555955121,0.0,2.3632470015282223,2.129933885987933,0.0019683177910979678,0.02377591327198478,0.009335668949763294
291,E94_185,0.008027783016809979,0.20082098090172512,0.1720448624169184,1.9921143720689398,0.040988925376729685,1.8793572626878787,2.1529024939440897
292,E448_342,0.0,1.7389851077170984,0.04839181876894584,2.256139487411345,0.0,0.011503338983651905,2.065631895995048
293,E899_443,0.0002313161959843249,2.2070925335156137,0.005805662369620989,2.058806641179837,0.09134210887211884,0.0017550431022091044,1.6126204369294763
294,E839_329,0.003105992451506512,0.0,2.3245393455777337,1.5985197391432346,0.003145992766015549,0.010625173791505006,0.0
295,E957_187,0.009535736396104048,0.0,0.0,2.0251386214838605,0.0,2.119624984719124,2.041636123966188
296,E52_155,0.028251310945507487,0.0,1.904934736571761,1.81832717984014,0.0708431935695038,0.0,0.04850337165883406
297,E352_372,0.060171867133248874,1.4574002974222169,0.030865313089443618,1.8901175023781849,0.03325048682263775,0.07712909314340388,1.8280869390823304
298,E594_215,0.0033788387046154444,0.003059647245158768,0.006783996323994731,0.0,0.006900429832628681,2.0150710803870973,2.298751875674024
299,E883_354,0.04633828534140595,0.017726341432872182,0.013176031062420046,0.0,0.003775086071187775,1.6590046285660471,2.2326205102141574
300,E1032_298,0.0036009294264775227,1.6141858341613229,0.0,2.1061824955178867,0.0,0.002029095737466652,1.5968190043030202
301,E431_351,0.0,0.029143327029069337,0.0,2.0773519558585605,0.0,2.119682423527027,1.9448334405407623
302,E1007_29,0.9955382973551858,1.714786244747982,1.154285564534396,2.126779518014121,0.758629033313708,1.4447215611518405,0.0
303,E1658_120,0.0,2.0105354479480955,1.0715701743591814,2.1444689278991405,0.0,0.3048574662671349,1.8870559701235559
304,E1529_201,0.0,0.0,0.0,2.251807763192188,0.0,2.4850060769083626,2.0474122872599354
305,E1367_209,0.0,0.0,0.007872104219123325,2.0569785916872427,0.08420146071011736,2.028275019410233,1.986965804471296
306,E1477_143,0.00124533453787467,2.2630922717141173,0.0,1.9638334500772627,0.012770116122617256,0.0,2.2202173695592617
307,E782_274,0.0679462398184501,2.095873575629955,0.007440270517949494,0.0,0.015649032271043032,0.0,1.6292348664937908
308,E908_327,0.003220910452188656,0.009457925278097476,0.0,1.8191902242755242,0.08697472244647696,2.2271262367886124,2.1494280321410297
309,E373_306,0.053520975889931405,2.0475106193903567,0.1764256945269578,2.2856764253234187,0.008327623848364355,0.0,2.022750005001009
310,E1652_172,0.03354662918279738,2.1464099707785977,0.0,1.415115703384577,0.0,0.0,2.190242684206382
311,E870_308,0.010733662032154766,0.059642645853377474,0.0,1.9978561660691647,0.015134908544208125,2.010276562586652,1.2901774356013835
312,E1119_327,0.0,0.0,2.142504573291568,2.074041686233463,0.010106686093679505,0.08062415845480822,0.08638249435500063
313,E507_455,0.009728919984125348,0.015073007842086731,1.9076601124755808,1.870096586614064,0.0066544228701231,0.0007945520346121219,0.0024128285100216357
314,E414_111,0.06805962067935001,0.15132143436580234,1.70435924375688,1.8647919046458048,0.6734413423281786,1.7995060091798771,2.3093895063870002
315,E768_184,0.0,1.889893372905855,0.12000507807903815,2.094568600804318,0.0,0.3920927039648061,1.7050006065974144
316,E371_391,0.0,0.0037623636092144756,2.020994195197044,0.0,0.0021218448427375554,0.0,0.0
317,E1703_261,0.002459779902560201,0.0,0.19186739090292368,2.3685518700457653,0.026612821393126984,1.4647480857171975,1.7998149245765471
318,E384_470,0.0,0.01759971270572077,1.7979520696466995,2.239460918586956,0.016729290812507583,0.0046273416149944895,0.09824203944357747
319,E581_358,0.0,0.013807026419819641,0.007523866053038217,2.059447605277952,0.12811162392906866,1.5493570827647971,1.798715426183742
320,E982_387,0.0,2.2421714688645547,0.030020253045101638,0.0,0.07081328795428317,0.00026707492395808616,1.4650789444515813
321,E351_440,0.06499628750714011,0.0,0.0,2.5359676959412023,0.0,2.2831094659961866,2.1420803917912035
322,E1773_447,0.06551518955603168,0.0,2.307605241474288,0.0,0.07343508386933402,0.00012740561426007364,0.0
323,E603_401,0.0,0.0,1.6230024387337547,1.6805187440165277,0.08434684731423228,0.0074001166202427235,0.0
324,E877_27,0.6290439870941671,1.35444946339897,0.5915648862021142,1.6553234218325708,0.3525373053003838,0.3110641218879571,0.0
325,E1976_50,0.5387270964579657,2.246616375332605,0.3261079516385432,2.180176898825703,1.0297058920810436,0.754320649405672,1.912091893707232
326,E1120_272,0.0,0.01144119482506719,0.1467336305944332,1.8235228823135567,0.1251044498920072,2.047932535836538,2.313734890013705
327,E527_480,0.08896932529979175,0.03414929414329949,0.009327535448770142,1.6950176713338918,0.0,1.5948547326601343,2.258288234404457
328,E571_448,1.838676537385043,2.0806817232081274,0.01971900392200484,0.0,2.171615437315664,0.0,1.8914012790471568
329,E1501_446,0.017380901286147308,0.0,0.0,1.909511468702857,0.08775848729447386,2.214949503099476,1.2018745217618363
330,E1138_96,0.00480869568794106,1.062631626183993,0.1872535437281719,2.1479261633970532,0.10525372795796263,0.0,1.7158315463703426
331,E1532_102,1.2884490543322205,1.5040802267809197,0.12280836603367258,0.8897565912691925,1.6295627401704014,1.5114819669706678,1.4566775936246696
332,E1714_242,0.0,1.3739554873525501,0.0,0.0,0.0019607628466843698,0.0,0.0
333,E1073_237,0.029562858144900464,0.02736222927721756,2.3065849317134908,2.2788083074904253,0.1682603367009359,0.014422437424832957,0.0
334,E1227_216,0.06574973602275208,0.2464398893744588,0.0,2.086294354528301,0.11647265950253438,1.934492728865416,2.7086770747716384
335,E849_100,0.0034830242863487424,0.004348038851470815,0.04932967156888627,1.6867563023616847,0.8151254990315001,2.152424096627006,1.6873859987755233
336,E1765_366,0.02474790129802263,0.010758412260434258,0.0,1.9638714904535768,0.0043138596111970936,1.7168111435583575,1.6270051107795458
337,E629_381,0.008271805378812325,0.0008761366712423317,0.0,2.422850306221473,0.0021039960053660326,1.9068470432555489,2.11056292333252
338,E92_484,0.0,0.0,0.0020345581209829725,0.0,0.0632001256519758,2.4623537524052357,1.5654151831217746
339,E1043_11,0.3135411284588345,0.8665659031806159,1.1065952801434245,0.0,0.3513344394564938,0.4341597454868453,0.7339427984285491
340,E1907_291,0.0,0.031027742318737107,0.0,2.3224440238360264,0.03146508063663064,1.8650536071524275,1.7234016972023225
341,E1427_286,0.02080003733118236,0.0313971056549612,2.178893520871399,2.3882055831348343,0.03279469094186066,0.005552296668224079,0.0
342,E902_262,0.0,0.0,1.7600424135951993,2.2909674659439365,0.0,0.0,0.0
343,E1370_182,0.0,2.1208711459712117,0.033845056630070355,3.113185833394627,0.1197110931717114,0.0,2.131767211702273
344,E1699_375,1.7591646768496116,1.7789101683901776,0.0,0.0,1.9724544964815949,0.0,2.2938891463014537
345,E1220_326,0.0,0.015001343365377775,1.4557604386696053,1.9053684146942549,0.06814794387087543,0.018393468575070883,0.0
346,E1983_118,0.6754340972113193,0.9052483720809018,0.060154588628983485,2.221961207174791,0.01678139525399763,1.199515170577022,1.6386564536193495
347,E302_309,0.0,0.0,2.0643344170894204,1.8880171288945704,0.2875805833087603,0.0,0.0
348,E1031_180,0.0,1.1503126200791796,0.038000832548363936,0.0,0.013418315260137995,0.4860082898543135,2.5596207044343204
349,E880_179,0.11437911653276127,0.003579689957703833,0.0,0.0,0.00903713862700158,1.769821201309425,2.2349627474879177
350,E163_198,0.01910938588612628,0.0,0.005863229317677755,0.0,0.0,1.4831439517271332,2.0579989431534744
351,E1672_293,0.0,0.005901174272033185,1.9801613192574108,1.7165172740691208,0.05962982854154946,0.0,0.0
352,E1977_334,0.0412761910628103,0.0,0.0,0.0,0.0,2.258769373035329,2.127412938340713
353,E344_215,0.7815461736692089,1.3936530826950402,0.15992479992747735,1.9676513296603888,0.6806662476935299,0.9022003488068172,1.83415593883908
354,E1396_360,0.0,0.0931093949439771,2.3833866889368007,1.8124489519079985,0.0008251399482161805,0.014793396213224876,0.028502692865604036
355,E1208_399,0.0012237524370253374,1.6985249314293611,0.0,0.0,0.010396839431926165,0.0,2.0844495665790705
356,E1939_452,0.02663654434255271,2.409796460526904,0.008879746178100851,2.5810751261775366,0.029069944230316933,0.0,1.642650431445595
357,E779_180,0.0,0.013144698580206069,0.227660987384918,1.5050408861544922,0.22443872137331086,1.448893919457004,1.805040660690652
358,E360_265,1.7224953969176595,2.578200902755437,0.0,0.11071848546653863,1.9928575225973684,0.2385710986459789,1.95854763898611
359,E657_301,0.00618623031163359,0.022703159593841102,2.403947804191616,2.071737274163307,0.0123087475913821,0.012365273221298113,0.02694511845211397
360,E1258_40,1.0060587222613633,1.4986403401818031,0.35083090915974885,0.7828458993961167,0.4665717180600539,0.0,1.719825841901682
361,E38_150,0.0,1.6691221284264866,0.06963929283553515,1.7375071049512367,0.05833559607891711,0.0,2.3843251686208613
362,E435_485,1.7772553991771385,1.5412673753328718,0.0,0.0,2.6137881425089518,0.08108983673058462,2.0972021629618234
363,E1722_87,0.2691804664053764,0.9857928408433604,1.58683211955262,0.0,0.02623239791624964,1.0742481267858537,1.4566981547891054
364,E1508_235,0.0,0.01992506761787697,1.9864279828407736,2.045019745003492,0.0042147136480934645,0.004946937801763151,0.03334016655418731
365,E196_432,0.005027599374147945,2.259685090460936,0.0,3.1944840393254488,0.0,0.4833338252132697,1.7976597585369716
366,E699_497,0.0,0.003820388289394272,1.7200314183922571,1.3746579640433725,0.0,0.0068038554091027145,0.008978550407832247
367,E1776_472,0.0346106869720464,0.12098696387228952,0.0,1.9998613875211584,0.00869077777832479,2.50508280413879,1.8236649925799788
368,E451_156,2.096551669912548,1.7785458850949374,0.08976334361815785,0.004734950381647597,2.385332491297448,0.3112196510930213,1.830889552664372
369,E175_132,1.9028142325495607,1.867461512794008,0.0,0.0,0.2325663453811335,0.22264213231314325,2.0641218025158525
370,E1541_79,0.2891756999692304,0.6296026004818805,1.4311531947858898,2.4867489318233043,0.4897875197230958,0.576583583801069,0.6232751358102026
371,E120_78,0.05253909321264973,0.2558026870479388,0.1468231369671549,1.2631206348645116,0.7896011792940631,2.1396899960323132,2.241263580374884
372,E1843_154,0.005411605726133396,1.5700496880274832,0.0,2.0015021803793105,0.0,0.11079862412924783,0.0
373,E1254_173,0.060779951245696,2.1469106120685,0.16060464910294994,1.92072085763679,0.0,0.1835365411708927,2.0847799606476363
374,E1448_420,0.0,1.9890370587965718,0.0,2.310682877012725,0.0,0.0,1.3279373877252891
375,E1292_110,0.006645736163223597,0.02622669969927186,0.0,1.3173834820902348,0.2346767348311348,1.9188243222139607,2.475748382843553
376,E1295_245,0.01458231630150661,0.027017394347873355,1.544083242079363,2.6707923278426504,0.013136173391204858,0.0,0.04434041979524698
377,E923_498,0.0005662775719642954,0.0,2.29524911452574,0.0,0.12889458666339085,0.008449995758387596,0.010311693189168471
378,E123_33,0.1816047892617133,0.13875645382730695,1.322309056483744,1.688708942781861,0.7350825108168794,1.7184171154013417,1.572507398176179
379,E646_29,0.4732954630955442,0.3430384171478765,0.1303663755508072,0.18142521485364227,0.7222414011706954,0.6767611302847798,0.0
380,E1896_437,0.014027955531571469,0.03677613301470977,2.281887493839281,0.0,0.0009983062685173024,0.0,0.048849103078665766
381,E854_57,0.14900972897224332,0.5676778908140961,1.243780067264965,0.0,0.3451856859560747,0.2630197403975223,0.6377825951996563
382,E1741_386,0.031490187350891034,0.0,0.030555347841879237,1.75141139688653,0.025900819042966226,1.8128156155623776,1.6723833928981349
383,E1692_16,1.3038917564012975,1.2486361662559031,1.0360895264287393,1.2231193112764456,1.2035477476798502,0.39290322760915203,0.0
384,E93_393,0.0,2.793660605780747,0.0,2.109568801740757,0.0020672270100803147,0.0,1.7520627173109065
385,E25_389,0.04033340008525843,0.02551950710623437,1.885426999030236,1.9435881772023968,0.0,0.0,0.02658319095981427
386,E1594_435,0.024553095611468703,1.8917563030153848,0.0,2.0695786316259435,0.0104805983598958,0.007261159478312107,2.2777460229310584
387,E398_397,0.0,0.0,0.03528153233551686,2.575900951404152,0.09132564838117456,1.8402598122482707,2.2112180040430243
388,E1511_282,0.03015956480528437,2.6735198436205154,0.022507927121605147,1.968387738386439,0.058719892068782725,0.04038864331376471,1.4689206717675154
389,E174_375,0.0,0.03729994612124297,0.12960193124202246,2.569562010051592,0.0,1.5052378461836642,2.412854670821654
390,E1689_469,1.6060878052663008,2.328667168209896,0.0,0.0,0.04291426503977164,0.014303612394699856,2.0632151100191947
391,E1309_388,0.11058472793509384,2.2712158616523617,0.06424370631744956,2.197358782967993,0.0,0.0,2.3357568247085343
392,E537_393,0.002536794321094874,0.0,0.0653267982804695,1.7038928000996014,0.1979255474984996,2.3617804487532648,1.7048689665879304
393,E429_495,0.011918165909979794,0.06435246165003883,1.6822121016850011,1.9643006160994927,0.004746797727388145,0.001722977708683418,0.014657616296642868
394,E1928_470,0.0,0.0,0.06345730216787321,1.2363479704101177,0.013430877201063656,2.017142940348414,2.3233532954182943
395,E868_5,0.5227360309940561,0.6760499649919978,0.6438483859068007,0.7576612058593001,0.9886466097796459,0.7869265124285193,0.7982441072919917
396,E583_66,0.3636838260033617,1.3214688815717226,0.0155336904157973,1.935445557684132,0.39161309538317257,1.891217013634432,1.850542911791704
397,E881_62,0.009993233012918705,0.0,1.7127546366241784,1.9806392572002969,0.9882105624019646,0.2685383622718377,0.2785538916967029
398,E897_100,0.12401545923106702,0.06668110344885532,2.4951205239098884,1.9201087521076687,0.050644831239067184,0.0002867338835022982,0.036480006956022416
399,E1381_361,0.010985071925741798,0.0,2.435374404080497,2.0039690451882435,0.002905359248811487,0.012584423964910944,0.0
400,E780_312,0.002552955375754116,0.0,1.8510617630262085,1.8613793292921952,0.17670283610466472,0.0,0.0
401,E1144_355,0.0,2.374816797646797,0.001515732283770806,1.2052171249330743,0.01635074499757308,0.0,1.88376134615118
402,E1418_214,0.1568282501159475,1.8929440413237344,0.027930314830182348,0.0,0.3138051238350165,0.0,1.627288382785103
403,E1601_433,1.8373020197352152,2.078780420758085,0.005386157933043208,0.0016190372371601071,0.0,0.018758203496059115,2.108072355044172
404,E445_199,0.016266664028908622,0.0,0.0074552490615947395,2.4271042366835465,0.0,1.6569103156605147,1.9825684107823918
405,E1413_190,0.0024513185788773845,0.0,0.0,0.0,0.04768172214043628,1.5995325718827995,1.6005492217831343
406,E230_383,0.01568557779452763,0.0,1.6835841070273043,1.9947736185479867,0.031027212641151145,0.0,0.022906617321734088
407,E1102_380,0.0015410701261905743,1.8904536497027131,0.0,2.0893889737647373,0.055423962879041916,0.03799964040127239,1.775541158931556
408,E783_457,0.0011466247359778385,0.022754194039509942,0.0,2.0883458124387886,0.0,1.4050884355761812,1.5671116443165851
409,E1475_90,0.0,2.2878778331706595,0.7201009144976397,1.9677840400935265,0.03365862770969292,0.3121846856205308,1.6482353311813556
410,E385_364,0.0061781566522721215,0.0,0.0,1.8406990862256885,0.005215955504520189,2.1148602268628705,2.3165590823676747
411,E1079_259,0.0,0.05749964829181775,2.1687459736746564,0.0,0.0042266230767037255,0.0,0.0
412,E24_350,0.017481374330663574,0.004822310162761812,0.010098312048374409,0.0,0.017550130221272674,2.3453972141432886,1.6957783425484103
413,E952_9,0.6639982705802453,0.5466705303519663,0.9168674681407706,1.2156584527884289,0.519064584804066,0.5873894014779039,1.0116527686821075
414,E1199_100,0.4570289998246805,2.0976269234995444,0.11563545870770126,0.0,0.13477029010158725,0.0,2.049474321136486
415,E388_3,0.9749388659615796,0.9936777685480548,0.7761151364875026,0.0,0.7251551098636554,0.7664030832109017,0.9611327216901474
416,E576_79,0.2513470991461507,1.871138532028192,0.8161196987112379,0.0,0.2991037718737938,0.0,2.4067780409966417
417,E1442_145,0.034084245004259404,0.8006825268023673,0.2349795472437101,2.2690793335145574,0.13327138676047562,1.763546385189878,2.255753975396102
418,E959_400,0.010183732649011729,0.0,1.2971689770051509,0.0,0.026590227453560336,0.002208845174890355,0.0
419,E1665_28,0.7298290901103773,0.7139531267117477,1.5561499369280032,0.0,0.5191726667413842,1.267316736935184,0.0
420,E1666_13,0.4856484416541351,0.24565794240349376,1.082088073222425,0.0,1.3375085004105094,0.6023264619909328,0.0
421,E1011_324,0.0218118892242976,0.005763275890614556,1.863081557803202,0.0,0.01598533246751269,0.05503957180514568,0.0
422,E944_226,0.029528353042245294,0.0,1.8721741581146472,2.2574803359609765,0.0,0.011490015537379269,0.0
423,E372_207,0.0,0.0,0.0,2.1887739985845145,0.054233914023895435,1.893815188285355,2.275898748467464
424,E1471_172,0.0,0.004212761321538185,2.289273090759727,1.6399330121584768,0.010113385083717858,0.013748229471277356,0.0
425,E1245_465,0.009680736591624996,1.6544414690897422,0.14199304159762738,1.976910574879272,0.015610422744841168,0.008606766715880655,0.0
426,E1486_374,0.008768850955242444,0.0,0.0,2.1249244060878474,0.003511123048426683,2.5836940792793874,2.0097061745263
427,E115_320,0.0,0.0,0.0,2.31617262094151,0.08847262299305088,2.266893975067084,2.234032314780587
428,E830_248,0.0,0.0,1.8032785356118084,2.056037553571819,0.014760521979104168,0.0,0.0
429,E1643_196,0.0066790386918452755,0.0,1.985289442344026,1.5629613168166847,0.2323865692778017,0.003390314797866053,0.0
430,E566_377,0.011339004904222348,0.0,0.1019080897449904,0.0,0.07798211952816697,2.8871657512778377,0.0
431,E1134_19,0.9328771422084016,0.9142095494784368,0.9666856657374338,1.6744904669817184,0.5535991110995072,0.6795843678206439,0.0
432,E487_27,0.7051489553085628,1.2279461474275453,0.8009679992472849,0.0,0.5260053576283266,0.946604351035458,1.07576002724068
433,E103_67,0.0325009976215469,0.2321646995095299,2.491626080234504,2.217058027943561,0.3879295431358458,0.2922247051822657,0.11529430740932245
434,E1419_245,0.025112714052630436,0.7484104512852027,1.0268054628399557,2.1985614735966448,0.039026247710800016,0.5447546281253327,0.617643082366417
435,E1337_180,0.04208312758320642,0.4490215075421688,0.0,1.8001393898971825,0.0,2.338332327727927,2.305728443899992
436,E399_255,0.033958217974539504,0.011233812531503934,2.0066983215539764,1.9002120649835448,0.8082155624594003,0.0,0.0
437,E1385_380,0.011195169345690556,0.11701880772998798,1.648773694504574,2.6018561822481843,0.01890653881660076,0.02050780108629069,0.0
438,E1189_252,0.0,0.0,2.0910735288122715,0.0,0.015720796223245525,0.0,0.0
439,E993_274,0.1672805029828614,2.0891697699871075,0.011424951297480885,2.004244482770367,0.2249959684429129,0.05670864933898505,1.9763870639487489
440,E1322_474,0.0025821287760733,0.0016103375812530928,0.0,0.0,0.010267442552450587,1.6789938230880277,0.0
441,E288_340,0.1003933044185085,1.836439374053064,0.08728376391884105,1.7346489395489109,0.0,0.0024574435520469274,2.158143078311587
442,E607_218,0.0,0.0,0.1374760810687357,1.8622128460650536,0.09965901080804393,2.044014028898008,2.1861023449463617
443,E1791_28,0.6911288548359562,0.4500935326657756,0.7191658867226199,0.0,0.28987502771298085,1.356811059967572,1.9295680173076712
444,E152_410,0.0,0.2576147344752006,0.12865203739376635,0.0,0.013335099293951259,1.3573590780305236,1.909234294947814
445,E1355_356,0.0,0.0,1.6754731671442369,2.371013449464457,0.11138916041974524,0.013095603494437872,0.01531914450241759
446,E1996_356,0.4822493260452391,2.0096956113606304,0.0,1.8946050617897243,0.2446959271659747,0.0,1.9324882125389944
447,E876_257,0.0,1.957260118248699,0.00264213143030392,1.4297540846284906,0.0,0.0,1.907388258713299
448,E1574_75,0.272518130348808,1.7608534163035745,0.11204133551649054,0.0,0.3498615359259273,0.7256683567647318,1.9658358429234284
449,E254_317,0.0,0.0,0.056370214293491525,0.0,0.0,2.0746635602488257,2.5708085457182865
450,E1855_354,0.0,0.0,0.22372133517257187,1.9884186600244917,0.0403200485015523,2.1004349427206126,1.711778085162049
451,E666_40,1.1183462076054995,1.5575030191303738,0.1378084664964307,0.0,0.9181708396413883,0.4662200958136696,1.3766695494441803
452,E193_6,0.8284354377427687,0.8749821665129055,0.6882777199306715,1.0669725684804048,0.6885682559321422,1.0549960591305965,0.0
453,E956_121,0.004689912110344256,0.0,1.6413762838346309,0.0,0.024908427485005324,0.0,0.006699213337188842
454,E598_58,1.5625325696748709,2.219976267397556,0.07460667537732221,0.0,2.133368374061077,0.0,0.0
455,E1880_353,0.0,0.0,0.0,2.2182859864049607,0.006659477724313889,2.3767451028209248,2.2222922285715265
456,E1844_209,0.0,0.02550393099010051,0.0,1.254199673845278,0.017452854136252853,1.826699373277869,2.164826504936414
457,E1713_371,0.0,1.7944238558183043,0.09269742352698217,1.723389881400443,0.004596542837742898,0.003400420854726325,1.7298022150245282
458,E1659_21,0.3721563392554037,0.5597467313781654,1.020265210752811,0.0,1.2892788934865198,1.0778093672910272,0.6518144045326594
459,E580_295,0.0,0.15572250016200972,0.26586775111918604,3.028676976682622,0.0,1.9657268025860544,2.2110320402774133
460,E379_371,0.0070488409621623106,1.9179981542231053,0.0,2.3604138322600696,0.04656308960945337,0.0,1.971982150801884
461,E1642_24,0.3271454906086377,0.7622383003963535,1.4232098095266672,1.1092088493597816,0.8878065786666695,0.7005982452759892,0.0
462,E1033_439,0.05368191267974387,0.0,1.7127078843991899,1.9026958982092363,0.02194585030241087,0.0,0.0
463,E1257_146,0.0,0.0,0.13448427425459736,2.0842186583119084,0.1053266976259227,1.8643330713830808,1.4562903141252823
464,E1269_59,0.0679367334275165,0.6069510280176545,1.3488534157802998,2.1817312146346075,0.2500553920689736,0.0388742663715845,0.5032756582681146
465,E1115_10,0.4796383133405481,0.7867392685637113,0.8927848591016221,0.9896827440076272,0.4525723582852501,0.4510389519086802,0.7790109308461332
466,E73_139,0.1071809213868276,0.7295967052556113,0.5450787805156729,2.035068635548318,0.5628798916354152,1.3799495092380945,0.0
467,E664_492,0.01583210873393698,0.01915788352840676,2.2575477285461383,1.8570294437868455,0.05637958288321637,0.01905841680806137,0.009959348445766323
468,E1649_459,0.016325511526386137,0.0,0.06709129150678411,2.199606322485864,0.0,2.171514565313192,2.202282123186858
469,E1299_312,0.07104994411562443,1.9044083981072208,0.0,1.9820107101689244,0.018820666903625844,0.17445690726905894,2.6791123204488594
470,E485_286,0.0,1.5349804543941763,0.0017234376975295625,2.039556443146953,0.011391877844074279,0.013001487532333895,1.8041094148696304
471,E804_403,0.0,0.0,1.9822563351059328,0.0,0.0,0.007303529520449556,0.0
472,E1921_78,0.13491140920752467,0.5284924200843035,0.04675313048511498,1.910607368716173,0.2281352173797241,2.053122140862784,1.9610383719869824
473,E917_466,0.013987402701769378,0.08805318766202758,2.0234106398421488,0.0,0.0,0.0,0.0561466666692414
474,E688_202,0.0,0.0019981511937524087,1.935334190054388,1.9846132156265448,0.0,0.00545713970074416,0.0173278583686864
475,E757_478,1.9917831313670755,2.5770010414573896,0.0,0.0,0.028426353937338063,0.004681890889502714,2.015441532465292
476,E534_288,0.0883902404862359,1.4965858661609557,0.0,1.8239824074570057,0.034672675909901834,0.0021806138530591056,1.5061069758433674
477,E1045_270,0.08594909944237937,1.3820647285499887,0.0,0.0,0.0,0.0,1.9187558024153872
478,E45_173,0.4980590117295043,0.4585675448707915,0.6485203613216669,0.9763520681814865,1.90438622298832,0.2330577930412604,0.5736452885510799
479,E49_238,0.006825441461788357,0.648537946509005,6.123044552470763e-05,2.1497389610402804,0.0,1.6620877155012146,1.4948507917029967
480,E602_146,0.06693268369843702,1.2833724545219791,0.027259934140922173,1.7665748418760308,0.016482476780128513,0.3566245882279125,1.9252660561749937
481,E1264_389,0.09575818894721484,0.03417752986514015,0.0,2.2102140189653405,0.0,2.1402974874348564,2.384337815577131
482,E389_424,0.04449322510234478,1.5160413067053582,0.006046562370322361,1.7840803642531768,0.001165948459753188,0.0,1.471093993775135
483,E649_304,0.010206302806377285,0.0,1.2579550157757475,0.0,0.03385211363628137,0.09110834735962646,0.025919258630837376
484,E1293_167,0.06653459007995469,1.7867358658064731,0.0,1.689900210634656,0.0066617421411332865,0.0,1.963446384601775
485,E859_482,0.052372674395067466,0.1537651031544388,1.4280927736713669,2.310063139397861,0.0,2.595725149182179e-05,0.0
486,E1738_302,0.0,0.08056015115294309,0.0018062773717494388,0.0,0.12176212498629825,2.0775838359170065,1.8192494886185675
487,E1459_279,0.042958134124078826,0.0,2.7912087165224917,2.108395399070281,0.02080305135070702,0.03177017564048791,0.0
488,E807_71,0.8462119874076734,1.7335930566181077,0.0,0.4126224775209834,0.6187852810032282,0.0,0.0
489,E968_145,0.02613139996001616,0.0,0.0,2.2847811436196888,0.10162658081895573,2.0695132209343616,1.8128243077820945
490,E1165_136,0.0,0.013722931991564838,2.2458924549477617,0.0,1.762512747390843,0.17731403905671822,0.08361403642311084
491,E262_231,0.014290894931838069,0.0,0.0,2.051936373261845,0.1022812586396178,1.9920765461621264,2.1596992542814166
492,E520_413,0.02114463376672753,0.12291088441999895,1.8306488764799185,2.3639412778030566,0.008398261481405656,0.0,0.0
493,E628_345,0.0,0.0,2.100153478411836,2.6211079123015386,0.0,0.015447262564101847,0.011535359223002143
494,E1472_446,0.0,0.0,1.4180328194711953,1.7297610166276909,0.0,0.05007840592531222,0.01792310890997487
495,E176_146,0.05837724241560675,0.853513597855749,0.2174953976862962,1.9066524064334842,0.14034329369623633,0.6450466923660176,0.912763663732368
496,E1797_231,0.014764130066075024,0.012661065457379135,1.8978803441450816,1.7879826435323702,0.06800700833462599,0.0,0.03911233044900397
497,E644_226,0.0,0.9591045552269136,0.20046518319422732,2.4472027188643533,0.0,0.4671292895279371,2.071539517522432
498,E494_285,0.0233240121266796,0.017229699842925456,0.02737271877885073,2.533136834884038,0.0,1.9154401062264752,1.9465671177294857
499,E1954_290,0.030356386528818505,0.0,0.06390085582361836,2.20746602561106,0.18376946018363696,2.0280369960468185,1.8504658818445907
500,E318_166,0.021875330522400042,0.9237605019201364,1.2318020394835605,2.1026725725057043,0.06085819436467304,1.2873647589486237,1.4492637075215995
501,E21_27,0.28814835992721377,0.7495593546882708,1.0515548128722163,0.0,0.3168736542629355,1.1396533134048932,0.8997407035806828
502,E1061_96,0.0,0.1040565938844242,1.384613534427981,0.0,0.11752793696801245,0.18828910387794684,0.09921998187837668
503,E1445_236,0.053526682387022274,0.0,0.07186856935283684,1.807828868846212,0.002368382079737419,2.0695303571894064,2.161072327238573
504,E269_496,2.1303870339851696,2.16327755818559,0.0,0.0075540671835650705,1.6365641077068436,0.0,2.048624583298888
505,E1479_264,0.022469806884926082,0.0,1.7026039808477096,1.8965512063863583,0.0,0.00744381636054523,0.007068313309624834
506,E1342_128,0.0,0.2344037297811373,2.1472673840193908,2.175414162496506,0.0,0.09336715663009387,0.0
507,E1261_86,1.2919911254503635,1.4587230256869896,0.13455828948330614,0.7972921278637723,0.049560154906568385,0.8127457054323024,1.6168705040305094
508,E333_371,0.05013678699153213,0.1295025096589008,1.7477468125049656,2.2493971293464257,0.0,0.024383458086860186,0.0
509,E1209_87,0.013376246779678596,0.4848725095593479,2.023053294230249,1.3907963585001792,0.06349719855208026,0.11960157843184065,0.007606913448132985
510,E1599_428,0.0,0.010868082384463459,1.8045417124642524,2.0634408392118817,0.012679772913293,0.07258879114099813,0.005715501943549924
511,E1054_394,0.0,0.002959858130167301,1.5451093472498263,2.1012334773418035,0.006473216160124855,0.0,0.0
512,E1221_116,0.2709060949475742,1.917933743010705,0.21085907215360586,1.9224135164304887,0.07512637370704649,0.0,2.330362370065131
513,E1819_406,0.004744136923077641,0.0,1.9553968082014879,0.0,0.0,0.005174589631803549,0.039672687697446085
514,E825_198,0.0005344815413760991,1.8628799239471057,0.0,1.9445850616462064,0.0065065531655552405,0.6882233806335156,2.385135499047605
515,E387_495,0.0,0.0,1.9589856024460304,1.9116822143169687,0.0,0.0960694068274111,0.006392153249789395
516,E438_494,0.1273124732176299,1.7984483728548848,0.014292487129159903,1.7626170218481625,0.0,0.0,1.7727181012166902
517,E678_83,0.8906710110291748,0.8423863922129816,0.06879865638700489,0.9296273466588578,1.8225116642828048,1.3285594108704766,0.0
518,E35_234,0.06522951984802887,0.0,2.3683889301466348,2.3741931402100014,0.02790153814454875,0.021927601407914245,0.016888914963885455
519,E1750_427,0.0641152753841619,0.0,1.863698866270761,1.6704614654228622,0.01508546128922101,0.0021957595893470627,0.0
520,E642_121,2.3964984151095825,1.793807481371999,0.0,0.013956434409160029,0.5806253275267755,0.023397910832887663,2.6482032507373208
521,E206_160,0.17269074407603485,2.231371307518504,0.13460403251370315,1.9132445298294087,0.14941222260594067,0.0,2.0250649015844653
522,E247_366,0.000860465398771252,0.0,0.0,1.9115501470653515,0.007546005150386135,2.3629592579155267,0.0
523,E723_254,1.9166411527987728,2.017405145572089,0.0,0.0044561276946604505,1.112453717335539,0.0029380605420264642,0.0
524,E1709_75,0.017201369358585312,0.463694462603405,0.8276977682686862,1.9464424147967807,0.021826424869912448,1.2652091416999491,1.8383127905527443
525,E597_317,1.9120708433491624,1.7090895499830487,0.06406139823551027,0.11394276934550004,1.863819026464208,0.05292111777966951,2.3138468128230376
526,E23_91,0.035899350019645594,0.8815469048597069,1.1427467824360558,2.095468514036865,0.010915273373900513,1.809662308058936,1.9649603212810376
527,E1632_192,0.010183441672840745,2.0885633246434723,0.0,1.6050752475302992,0.00926333930260478,0.2260119162043954,2.1334146329285284
528,E1782_469,0.0,0.012497504241999887,0.0,1.884673102969612,0.09159732731036704,2.1945519512633287,2.0515755982694692
529,E408_133,0.0020681130331333558,1.8247469705054007,0.022633985955569424,0.0,0.0,0.004598689546420804,1.7537586966283452
530,E83_198,0.0,0.01349238825245593,0.0,1.6803017821138195,0.06739234509196072,1.8299930410219958,3.2420497605526526
531,E932_212,0.01926833410850344,2.08930082612236,0.0,0.0,0.0,0.0,2.1350570100042696
532,E1706_425,0.05708973916901337,0.0231429137237223,0.0009582430582993707,1.3194297213845454,0.0046489180804907505,1.8281125645466545,1.9773740872204315
533,E353_222,0.0,0.0,0.0,0.0,0.009074233242626656,1.4117447342469212,2.0748109630372915
534,E733_429,0.0011722369272112786,0.0,2.607251030921248,2.024791158976264,0.0011852823487298802,0.016829858695630237,0.0
535,E391_80,0.0330097064514143,0.0,2.0094046385904,0.0,0.12610027023199302,0.1693613718154696,0.29407269964639554
536,E1647_291,0.006174640763502195,0.0021566961393979147,0.0,1.1804106907580203,0.0263949035058834,1.6232268303037267,1.4224155978793265
537,E1682_88,0.0,0.3455325625191825,1.363439881058396,1.938400309849448,0.02838928791095828,0.51238988796509,0.0
538,E182_141,0.0,2.3639192115326826,0.20679596147366847,0.0,0.0,0.0,2.0622130343743743
539,E1794_137,0.010700220502238702,0.0,0.3828390651705106,1.7919209711364428,0.0,1.5543225156030165,1.636835539049924
540,E1693_17,0.2726592444510493,0.8014156321067041,1.5405751248328816,0.0,1.4099464243337112,1.010739524685074,0.0
541,E1218_117,0.0,0.0,0.0,0.0,0.2990078848090328,2.7009908288548123,2.1210570626299647
542,E143_27,0.15514270602531013,0.4897878957335596,1.0800792627234903,1.076428932154246,0.4568167500331141,0.6046467469049502,0.0
543,E1325_36,1.019211450818044,0.6708168740830196,1.1950380143070365,1.7057926965650296,1.9146281564753589,0.5912329046145506,0.0
544,E1037_345,0.0003497444204241075,0.010535270334218192,1.8073203482598048,2.0311045749494183,0.012898035315275884,0.0,0.0019096950273191585
545,E1408_126,0.3799660259486524,1.5463505911441873,0.0,2.349966730855515,0.4238589122617457,0.7928592812198363,0.0
546,E960_294,0.0,0.6176172685529655,0.012456968448904229,1.5952892931004397,0.014170135630302871,1.2029601408023125,1.4776312143281043
547,E715_416,0.008780646413545434,0.0,1.5837007495121516,0.0,0.0,0.07083172644797461,0.0
548,E693_147,0.0017117477374286438,0.0,0.17157572078560265,2.2805509727889355,0.0,1.2772393390615824,1.6566233320849462
549,E1172_336,1.880707455790652,1.7321917142445655,0.0,0.0,0.0847095086271924,0.0011239179896848953,2.1120316518336453
550,E173_455,0.0,0.004009411612932558,2.3116278202672538,2.346243215850905,0.03990069067728508,0.00015658381096077167,0.0
551,E321_25,0.3489685161727055,0.7239982518059406,0.4814813439512482,0.0,0.5263219820628222,1.4833267468743103,2.0668671586090768
552,E619_110,0.008044589001803812,0.5416966420143021,0.9581455444617112,2.4130147021605346,0.0,1.7604958511974826,2.011594961983038
553,E514_82,0.129039327970622,0.31544055793036563,1.530454156777712,2.113697096319483,0.06190918211459068,1.539723198648817,1.6677637591245429
554,E1966_251,1.7226138759269265,1.9640010550713587,0.002171188986183665,0.0,1.9355247651870469,0.049198648979473326,1.9339350732412168
555,E142_491,0.021021251372563915,0.019590501594377942,0.015461451011813869,2.466863934641826,0.06304631160838614,1.6014948173273622,2.1910785920895366
556,E675_327,0.0,0.005629400273374301,2.2208775902373814,0.0,0.0,0.017624630765871268,0.0020711497414678086
557,E1900_459,0.0,0.07474552920964445,2.1365537189241017,2.050379762325023,0.0,0.05223921019654501,0.0
558,E1644_444,0.014419091376701694,0.012719201347604295,2.1094313931128896,2.0518153298082242,0.0565960993508508,0.0,0.012424831251623582
559,E1851_394,0.0,0.0,1.5407863393079526,0.0,0.0,0.039152954862446826,0.005689214962024701
560,E986_348,0.009889341286995798,1.9158379879291705,0.0,1.8676636152517607,0.038849422422033014,0.02335612160879837,1.9079346231768624
561,E1793_169,0.0405708267398272,0.13912489489800964,0.09577083443974196,2.2368007412852853,0.0003027807816318529,1.9969914947124188,2.146670594517116
562,E934_10,0.748766569564241,0.8930680323878485,0.9681012607961664,0.0,0.5144387912862696,0.6864737727824719,1.0933763770683695
563,E855_358,0.004845154461664333,0.19272376700755056,1.6744583569102842,1.3388676001458577,0.0,0.451869450782587,0.0
564,E1461_55,0.3522598943188133,0.2689312709910832,0.16108451993570874,1.5029281468123634,0.7458828507697821,1.4273763971081666,2.0003740976537774
565,E1998_226,0.03681407209443612,0.03966946918420889,1.666335847388432,1.9016825797431562,0.0,0.0,0.0
566,E1210_462,0.04394117283514401,1.892425336109194,0.011923500361605605,1.9119428330369328,0.0,0.0,2.1720348439126465
567,E248_459,0.007276800415178935,1.6919558798803804,0.01650144730416171,0.0,0.032386585620045975,0.0,1.8595205995621644
568,E1041_161,0.20942259765652954,0.23982506444509186,0.013061958728541295,2.050210680273205,0.5026205568394824,1.5278952523154992,2.0815073836600995
569,E1346_481,0.02399879583978311,0.0,0.008963257958288,2.0081733144929332,0.0016398765822075894,1.7440473473734484,2.3308148572406253
570,E364_476,0.0,0.0,0.0,2.1093062595265217,0.001940438618346152,2.1039254321628373,2.3836884218924457
571,E1873_29,0.3837869767929017,1.273907792224614,0.2753692332115784,0.9429868656547176,0.4484757051011447,1.0743255325935035,0.0
572,E101_256,0.03932343295002859,2.183165403831496,0.0,2.2644784570778196,0.2944013254251132,0.0,2.1380865970813496
573,E752_72,0.06286727150147321,0.7991656676052127,1.9496671764710545,0.0,0.08515807290789643,0.4057897445707848,1.7110400612648662
574,E1327_243,0.0,0.03375437492267876,1.8176134903900707,2.316820276233666,0.0,0.0,0.0030725595755892354
575,E1697_211,0.0,0.03613863309877662,1.8284721403311863,1.8025732279441082,0.0004357610719426081,0.0,0.024906722860715082
576,E843_375,0.0008714216338516111,0.03975682516503973,1.7330662382762565,0.0,0.00878519330492935,0.0,0.0
577,E1070_44,0.9252815459078664,1.0346485726128845,0.5900300598067248,1.7382488970737224,0.24805036920371185,0.18682948075558853,1.6502884724048603
578,E416_205,0.0,0.0,2.6767202040270286,2.014025676343269,0.0,0.10143379520006927,0.0
579,E1842_167,0.05333478829481807,2.114271294658471,0.0,0.0,0.08950430086282715,0.4355132405137869,1.7395334966806708
580,E1781_88,0.07767518015252856,1.011165234034593,0.4700551948852557,2.301777148438955,0.3709827289464981,0.2545406311984595,1.1202172584620704
581,E990_463,0.0,0.0,0.0,1.6270035393606364,0.015460031512096312,2.0043943923499685,1.807866642993156
582,E316_315,0.0822302304502964,0.007458833731530286,2.3805751221668983,1.7451682835435902,0.0,0.0,0.0021081874806576795
583,E1598_449,0.12797083111621504,0.0,0.01404987452730136,1.89086669826253,0.0,2.19930129433148,1.9224955595341189
584,E1575_355,0.0,0.02468541998060912,1.7817610536348174,2.3225133214037097,0.16824238117378268,0.0,0.0
585,E788_94,0.00638527135776595,0.0,0.19614998623356428,2.2205712893000773,0.0345723383490725,2.126608529243417,1.6146453955356652
586,E1680_333,0.0,0.0,1.9378962178072199,1.8286356313852683,0.0165799845923821,0.01116560274418042,0.014019126898895978
587,E1317_240,9.205635901076564e-06,0.05059121007786119,0.0,2.6807512828469564,0.0005583601094237433,2.1035983279290438,2.075419510334781
588,E1351_145,0.0,0.0,0.2258362728895441,2.076889274510967,0.07695088993393315,1.7673818934844667,2.368347143996161
589,E1050_276,0.11880183632690053,2.479435561838273,0.0,0.0,0.13843606045818366,0.010981823994234368,2.4308558865743644
590,E1586_338,0.0,0.059365648584020464,1.6958963134827858,2.3331887957806448,0.0,0.0,0.0
591,E29_179,0.05384868751325536,2.056929159990354,0.0,0.0,0.1935168419285688,0.04345117937126141,1.9052788203793485
592,E1129_282,0.0,0.0,2.2710380090506814,0.0,0.08535407872648987,0.0,0.0
593,E694_101,0.1184519901283605,0.5128262838849847,1.5378305825919203,0.0,1.2687613561113933,0.4792395277996531,0.0
594,E43_228,0.0,0.0,0.0,1.9422583106014253,0.0009319711346228928,1.77373345574791,2.0462124554296626
595,E1877_240,0.008767438757874273,0.0,0.0,2.164753277012594,0.02521726812623685,2.1234865773571547,1.93691071864243
596,E748_245,0.0015983133673718852,0.0,1.592033179311035,2.5487376241420687,0.00438702366082077,0.05667915449035282,0.051367688424118506
597,E673_368,0.005697439397470408,0.0,0.0,1.8571982682240047,0.06239661155036619,1.6645706693923994,1.8528831739732283
598,E1111_279,0.5411076002003742,1.889804329573057,0.2771602036739348,0.0,0.2201266102388676,0.14175967089467156,1.9874701964419808
599,E1626_170,0.03482326767218022,0.0156678017780814,0.0,0.0,0.0,2.1210594930303084,1.5207345122015157
600,E1547_51,0.4317697540604393,0.27786620454649796,0.2361165772033223,0.0,0.9519958195912334,1.6769910199093423,2.6892650408041985
601,E277_191,0.04610390358964303,0.005450011912197827,1.7787408599214805,1.8774258425062984,0.04346325864403484,0.01088205301995764,0.0007706812944276312
602,E569_200,0.02396919427295805,0.030314667568563467,2.5799386391249293,1.9924370778731664,0.004425865826620579,0.0,0.0
603,E1542_150,0.0,0.6410050606334636,1.3736299926170958,2.1608666329314845,0.0,0.6570528042510666,0.7825064225597941
604,E1881_390,0.051830452980699326,0.0,0.0021139687794501857,1.6961437256810097,0.10909018397368003,2.1412885813043503,0.0
605,E940_438,0.0,0.0,0.0,0.0,0.0038924857840672384,1.6918063935354422,2.517537391816179
606,E1562_401,0.08499996981556962,0.06891653933918684,0.002321839249787892,1.8966602202268856,0.04737589084061045,2.443658363963981,2.077466725413706
607,E652_342,0.07063289156362565,0.0,0.0,1.6988648749249735,0.12433092206590285,1.693287010815694,2.045585019949295
608,E1578_390,0.0,2.2510392720328807,0.0,2.181363348298848,0.01390742625370073,0.0,1.8501736868664616
609,E1365_132,0.0,0.015839101855154386,0.0,2.1704723893562203,0.0055481996380684,1.3049290365091382,2.0720079765998816
610,E154_493,0.0,0.013888747852806072,2.563560694072394,1.97276753831769,0.09739475713001372,0.0,0.0
611,E453_263,0.0,2.008742221618718,0.06793576432845641,1.968163053308028,0.017565028077884452,0.02201588172442246,2.119540898777632
612,E30_8,0.2790135749682162,0.8943064199772396,0.8120207270217844,1.0779215056081797,0.9350292858697759,1.1792680946577687,1.4828860729971969
613,E1806_300,0.0,0.0,1.8954963406488503,2.016136749311331,0.04368445966730992,0.0,0.04209986765498442
614,E1187_289,0.02746103757942412,1.3253820796472375,0.027880500058704245,2.006856925018828,0.0,0.7409713870488641,1.5336210771523255
615,E1743_371,0.0,0.0,1.4415732098559726,2.4321346177754792,0.0,0.010870288261485677,0.01232618880262299
616,E1094_161,0.03919316821123877,0.2548759138204443,0.06121684084469841,1.919404660233181,0.003024583951546852,1.6861886282705296,2.1757372012701843
617,E1354_212,0.07658348046160532,0.5526865104440319,1.8730269008539209,1.4573474357308358,0.0,0.2554983849780699,0.0
618,E770_103,0.024310254272384785,0.0,2.042604823482585,2.4447550110470533,0.028828627697297406,0.0,0.015173528140583847
619,E1326_71,0.32881283848929216,1.3364427004162225,0.19005580284339665,2.2074132860109588,0.8771998502316716,0.37411236936922265,0.0
620,E458_34,0.21027880807876795,0.28186168840299103,0.8192594822021424,0.0,1.2204844982441434,0.3354887416971635,0.0
621,E119_496,0.0010808310099360036,1.690857560488454,0.05252361665262471,2.0549954355393374,0.0071430051757366345,0.0069623252768448215,1.9523911252347643
622,E1168_84,1.9655655831642185,1.9078896120537827,0.0,0.5160908252123598,1.9431371179266768,0.0,1.876820705671104
623,E156_42,0.15044359583535824,0.3389961292921617,1.4611265750399691,1.7666961035977216,0.7681302126353639,0.6772746186697178,0.38341504807486776
624,E529_288,2.047728599416583,2.2501285487863205,0.0,0.026709361397124744,0.11737470005828556,0.0534023220115621,1.6415710112096138
625,E187_77,0.0,0.12328077598816095,0.9188810777012884,0.0,0.3153811079479385,0.0,0.0
626,E436_97,0.2946630118078826,0.32349041123007666,1.7580544288436668,1.6881047843975392,0.9186831141673268,0.2560248620689765,0.31514626417468306
627,E307_245,0.002642713234734305,0.0,0.045428875235083474,2.0222565162322086,0.18672748516670315,1.8392595588557072,1.6678339977750012
628,E546_461,0.0,0.0,1.9988603392714304,2.2791163370584155,0.014871732364031269,0.0,0.03850517684564224
629,E1177_157,0.0,0.0,0.017751073637807337,2.1942521856379025,0.1199063447327956,2.579618642439056,0.0
630,E1623_413,0.05836286625864692,2.137551329454667,0.015312976546339837,2.03251810438686,0.0,0.0037166568374018883,2.2583886195769707
631,E1539_97,0.06865124688471237,1.3448282282455786,0.4460933877267571,2.3210283014768502,0.0,0.0,0.0
632,E1431_344,0.0,0.030767637170765093,0.02208984130613975,2.345153908319603,0.0,2.11402047100431,2.029286360679718
633,E469_302,0.01313234059835748,0.024976183502588428,2.020419552753397,2.56664478503519,0.0003869881271580199,0.14214638638717875,0.0
634,E1865_366,0.0,1.878000650997923,0.0,2.1732316152200686,0.0,0.9167364415353242,2.3720664077992617
635,E749_10,0.3767553930424562,0.7636585675288567,1.3210556206989437,1.5679637900328045,0.3266895502994221,0.6286661302660776,0.0
636,E1225_195,0.24616490987136685,1.7821248784409554,0.0,1.8421042830685792,0.11265416213435413,0.0,0.0
637,E547_1,1.0211520974875397,0.9808874721183234,0.9564578601287708,1.0771849355639125,1.063342100076343,0.9755294081275498,0.965278609121587
638,E921_205,0.0016434955074532687,0.020754009839913164,0.22393897336712848,0.0,0.07338802792475646,1.4978049548253625,1.6707530987050654
639,E735_200,0.028911026831703008,0.05579026766473992,0.01591855553421115,2.142486495523612,0.012285486600890105,1.7177316073852238,1.918523344230392
640,E78_198,0.0021233708316854005,0.0,1.6639457709381755,2.1121632850681045,0.021018275792755232,0.0,0.005018840940489195
641,E1202_175,0.055128721832587706,0.0,0.04694530374629738,1.5834807522379486,0.2521160297882949,2.845539458275728,2.7450754234290424
642,E184_179,0.03258856485469735,0.6503563242337359,0.01941127695334803,0.0,0.01582783096265409,2.023077845241444,0.0
643,E1340_148,0.254563243573658,0.0,0.0,2.1576106885333632,0.7245268223503014,1.6263057848189653,1.9959154655221985
644,E535_206,0.004673811996566482,0.0,2.788466531917112,0.0,0.05029020355889123,0.0,0.003628634558591068
645,E745_207,0.07857189683860863,0.32182354836110666,0.00429467911207176,2.065115739399241,0.2669958898030755,1.008610442408719,2.3894504561869416
646,E1934_475,0.10451161260918047,0.0005509932162725097,0.03359468275532468,2.6840046695948048,0.0,1.4568324297408346,1.8715853912904792
647,E1167_415,0.03146561109564763,0.0,0.0,0.0,0.0,2.1268485664061845,1.9495033904875008
648,E327_74,0.025854361605332048,0.022740948571844936,1.8334658923369465,1.3267576095198366,0.13479014901378175,0.13575636866353535,0.1981535436654077
649,E548_471,0.0,0.0007405047235878662,1.9110962974852763,2.3286389908447407,0.0,0.0,0.0
650,E1821_443,0.0,0.0,0.0,1.8031335568290583,0.0,1.9744942730853288,1.7027213338211595
651,E3_125,2.8486657789017897,1.4890501181944618,0.00519191282128113,0.04567571303587392,2.1037285371354075,0.0,1.8909164531168925
652,E190_223,0.0,0.0166105321013262,0.0,1.8997053332929468,0.011853576244575371,1.5871750493889485,2.4061520507563494
653,E1190_269,0.007351301886503629,0.0,0.0,2.7961741126084507,0.0051756309230281145,2.04161684942068,1.3738422280579186
654,E1702_363,0.0036030849072456322,0.0,0.003475192734691679,1.7830242204761024,0.07429524129210988,1.845842856095083,1.9668629648048883
655,E479_154,0.008937340933168647,2.5020515917987596,0.07737392237124945,2.336357196775317,0.06353053627990449,0.08600496103969255,2.6361436829322398
656,E1938_429,0.0,2.4117189948396702,0.0,0.0,0.0,0.0,1.7810347058455396
657,E709_20,0.5050410476099192,0.7450413301801181,0.7198422044817222,1.0846109031973747,1.1387548249387467,0.5252328784572297,0.0
658,E1432_335,0.0,0.0,1.9441328144518004,1.9872615292442242,0.00551169062906968,0.004037086735439387,0.0
659,E510_429,0.02214448997889637,0.03714914725633462,1.7767295869228223,2.226847952653914,0.0028353532636707945,0.02270839495127875,0.0
660,E1235_235,0.005588248412180007,0.0,0.0,1.563885645478141,0.03297815983586455,1.896985748347572,1.834680109137664
661,E808_237,0.10711269644982832,0.0,1.9462199449769857,0.0,0.09000620070200996,0.0,0.0188385684915584
662,E406_427,0.0,0.0,0.0,2.3579594050321875,0.0,1.8821870879666287,1.8345797171502527
663,E1358_424,0.0,0.061071189902425924,0.0,1.9768443493593577,0.017815540397973426,2.125913196670245,2.3519733309650777
664,E1783_125,0.0,1.9936732795943648,0.28468924370711224,1.6104029287753665,0.05298585373396343,0.0,2.392719258195355
665,E717_336,0.0,0.0,0.029262659103793418,2.227075413916389,0.11293232901828425,1.6704902360364928,1.834715104291894
666,E1716_25,0.5201716828663587,1.1357904940079702,1.072519737465896,0.0,0.07037998034510666,1.0645952000492411,0.0
667,E600_354,0.03745947077056114,0.0,0.0,0.0,0.0009322495407997343,2.17825657828353,2.037542833303778
668,E144_74,0.08007344986103054,0.0,2.3519781080357003,1.7423125030644342,0.055249459837940995,0.0,0.3910370720555442
669,E679_56,0.3517916330157302,0.7597229094512791,1.2112669579774409,1.9994632042950973,0.318494612449259,0.2495411460136702,0.8128949489995031
670,E1022_310,0.0,0.016684394345955943,2.270852425230113,2.637440462511624,0.08268565710223866,0.03534540099632846,0.0
671,E916_118,0.025560692320247054,1.8859710928532816,0.0,0.0,0.2039480437137356,0.0,1.9303449351278497
672,E1_260,0.005340983187723571,0.0,0.0,0.0,0.0,2.2703645396377654,2.2579208660554837
673,E744_246,0.07107921628684567,0.038550262785781,1.6251842642283845,1.9174921997945515,0.06591433151011156,0.019558703905973748,0.0351472098750514
674,E1580_32,0.5990018354415718,1.3572647168444407,0.2342524900125763,0.0,0.3919674470557613,0.5573295124981628,1.8797159342903025
675,E1953_215,0.0,1.8779375140982288,0.05684201924787743,1.388389260261684,0.0,0.0,0.0
676,E910_469,0.0,0.01919966378888804,2.6110574528025943,1.993692733356128,0.09850100123451776,0.0006535844458984433,0.0013381449696025596
677,E978_99,0.6402302065035709,1.3916552442928647,0.06685515899992009,1.949744304571361,0.4373038353376141,0.6152455006228273,2.4376244793513244
678,E755_137,0.02523424004482252,0.0,0.08948063009012375,0.0,0.0,1.8586257746008183,1.6572429758835534
679,E440_488,2.2494832561894893,2.87858411224384,0.004097559535811976,0.0,0.04334448158511117,0.0,1.847160559534744
680,E210_20,0.4877467454457861,0.9395659551450234,0.31659155436425945,1.4189604779764118,1.311037425086406,0.5158345210065446,0.0
681,E1796_225,0.04338736027619496,0.0,0.0008066435243245562,1.821946119328396,0.0023422032571666154,2.232840317507664,2.0332674961536683
682,E1957_229,0.06745341578065947,2.3564010809583937,0.038715189749008255,0.0,0.025749028707636314,0.001657251134823528,1.7140307579050005
683,E1889_253,0.23492975694203594,2.3610791992059674,0.0,1.7474959677586948,0.2699920146369989,0.0,1.987224893136296
684,E15_326,0.0,0.0,0.010828166322911415,1.8073437541041508,0.2092727140835092,1.9633102057917944,1.927803111310108
685,E1653_302,0.0,0.009149846570570084,0.0,1.6359187814390714,0.010825322173708636,2.020935896057744,2.0058056875058083
686,E795_42,0.4525259035197554,1.1425907276100604,0.1868302575903768,0.0,0.3724075729587444,0.43824933864936894,1.7435149845399858
687,E1030_495,0.05352059499028089,1.8721338341595928,0.026403716921438284,1.9343352580692208,0.0176925142953428,0.0,2.030405713920057
688,E291_207,0.13328884925449835,0.0,1.9207241222609752,2.264894579632508,0.03904381330706738,0.07433029686019829,0.0
689,E1328_168,0.15322086294520504,0.0,1.87613118511108,1.853986298719804,0.001956942432097486,0.14065441058028896,0.09518358248084402
690,E455_109,0.001456373496245519,0.6967794137350071,1.3284651442977065,0.0,0.14885748822223954,0.17861417080188866,0.8181309129814904
691,E1589_372,0.0,0.0,0.009524170613423595,0.0,0.005753939258266653,2.028443093054994,2.40679958883289
692,E1206_197,0.0,0.0,0.036472886974370115,2.1145709463057165,0.10873478492993292,2.6975742180173845,0.0
693,E1093_32,0.30928934541092584,0.3112739743498945,1.743639588972454,0.0,0.11748730711636254,0.3049647078528161,0.0
694,E560_158,1.7883405477726484,2.489541395972603,0.0,0.07271623627022275,1.2280893449053538,0.02110655019285153,1.8097597288909173
695,E1324_164,1.6311899140753428,2.378107399362138,0.0,0.9037770582157668,1.5781444492780456,0.04314242171162886,1.2204291211218463
696,E1433_309,0.0,0.005227264587266609,0.02648132624780878,1.9669421197836348,0.058475473027580285,1.6231552584290925,2.4733390229381165
697,E1277_184,0.0,0.01181697790689577,1.9681992819173508,1.9695316163851324,0.0,0.010372039573574469,0.0
698,E541_95,0.055420120105306885,1.0506871555137371,1.3855167349772082,0.0,0.034677128828352666,0.7739890778893155,0.0
699,E1569_115,0.0068385881095737,0.061987010175340036,2.4794305575870896,2.069853372512433,0.0,0.053366584430487814,0.0
700,E1747_273,0.00526923859087465,0.0,0.03582306153681892,2.110130049106944,0.0,2.1814295945026774,1.6575398156021306
701,E1526_270,0.01225702854746907,0.0,0.0,2.2613697165928417,0.1107692935107584,1.7913235973287451,1.8862871416354483
702,E1853_57,1.5470505262095666,1.9579649710450244,0.0,0.5994257089409311,1.4096958448288677,0.0,2.0363421826164547
703,E1551_420,0.0,0.0,1.8952996837224088,1.9811462983989832,0.08587544211912781,0.0,0.02627784002997792
704,E1817_318,0.0863963218455716,2.1153671548883293,0.00017336956261177795,2.0061490817276173,0.0012372102945966224,0.018270746545322538,1.6074244543171594
705,E1450_296,0.010095779276071543,0.0,0.3324161493794136,1.9471064016886543,0.0037848649257842242,1.9037354603342624,2.5103464073543944
706,E552_112,0.0,0.0,2.11097596183486,1.9214080349086002,0.0,0.0,0.001900818234553961
707,E1746_173,0.0,0.0,0.30593498636949384,2.2156523648595723,0.4907529415046646,1.6287480733707806,1.7251599637067812
708,E1388_295,0.001991875167501209,0.0,1.6735551310107453,1.9936182550637616,0.2399474829164967,0.03892393678548155,0.0
709,E1516_466,0.0,0.0,0.004166205611078904,1.9010742167571517,0.472840308699989,2.2360345774770294,1.9584451722730083
710,E676_394,0.14986408940059648,0.006317890107550196,0.0,0.0,0.06604991551357885,1.6534675035362765,1.8246849921052084
711,E467_336,0.0,0.0,1.4687561218111445,2.0907425620839284,0.003095937765980357,0.03528662960639662,0.045639574374640585
712,E1147_200,2.619173052514148,2.14385486043294,0.0,0.021397638934143988,0.0,0.0,1.9501043331294827
713,E1535_129,0.059127934020077634,0.17117558830566926,0.19953796913345925,1.795682555611083,0.0,1.9218710050088037,2.065970245604878
714,E1972_434,0.03352287411316118,2.6231650520907066,0.0012278742342934355,1.8567449183039213,0.03623535834989432,0.0,0.0
715,E1394_426,1.8467889666495032,1.8675423837776173,0.0,0.028271996336825717,2.0432546137016963,0.0,1.9303285125593648
716,E1006_221,0.03013730446017638,0.0,1.7864081945861536,1.6918844348478759,0.0,0.4481430372086255,0.0
717,E1215_252,0.029346005492163083,1.6844928526439802,0.3769190757664281,1.9977644991324082,0.0,0.0,1.9832232022737115
718,E295_55,0.9777206638819144,1.1247463414675396,0.6583061161536478,1.343357157625955,0.84360529337427,1.6807774268837847,1.9919132184568376
719,E1304_91,0.004550916431501271,0.00861030371616932,1.5326266098988264,2.0662442355426736,0.08658819190394074,0.0,0.08257515316782553
720,E1485_11,0.9641601756349945,0.7440125367710911,1.2315682577801492,2.225961621216861,0.9707331990490841,0.6350211401364299,1.6646129737036397
721,E1718_180,0.0194928210159794,0.0,0.0,2.3407572406414463,0.024354119452628286,1.48085960176527,2.228233991410651
722,E1640_134,0.03695751293233285,0.07104045635078078,0.0,0.0,0.013168919926560906,1.9764978713495724,1.3044873601087288
723,E1238_207,0.03205327100606533,1.6531689398242495,0.0,2.265878168696549,0.0,0.11449997717385105,1.9738911951607103
724,E468_45,0.022540828922265246,0.2371826644841941,0.6874158791695056,1.6201473767199943,0.8820525373621053,1.6445666319697505,1.9976632375652443
725,E138_281,0.0,0.0,0.02068367408211371,2.3472677891641385,0.1255904347882206,1.5060847506608008,2.057388321164863
726,E481_120,1.1812302315607048,1.197812064477954,0.03371439108278768,0.0,0.5075840131496815,1.8012198153614094,1.6908918624086915
727,E1704_160,0.0009012095320948573,0.0,0.0,0.0,0.0,1.4476307828974044,2.2330282021709182
728,E292_473,0.06824668920245391,0.009507899835729852,2.0966621069777065,2.3511421480977,0.0,0.054538364129834066,0.005011023769619196
729,E1193_20,0.6034694449588307,0.6314229978679226,0.6338392230795071,0.0,0.7940970758366295,0.8503758936253041,0.0
730,E1744_368,0.0072824070734182345,0.010300754927630322,0.0,1.971651633604405,0.0,2.022972701099713,1.8992799303407493
731,E7_137,0.150221200910966,1.106362119548879,0.0,1.9424394065394808,0.14023775994721455,0.34150990063742576,2.4503807638285267
732,E701_216,1.9423278601284413,2.1580696356455005,0.0,0.04834083719771117,1.8048572997593368,0.0,2.4743758706246486
733,E1286_131,0.0,0.459247981664163,1.6993700476206055,2.127765227717369,0.003402880911727185,0.20018257439384804,0.2929696732970552
734,E245_28,0.6652164308344249,0.8674156743994431,0.8329244387014914,0.0,1.1631143086645426,0.588427646639458,0.0
735,E1736_393,0.0,0.02395114446239013,1.8697716039539958,2.6545412689166685,0.04889246993205552,0.017435124899617526,0.028906992381778438
736,E622_174,0.0,0.042367613145380865,2.1557950733740903,1.9302945431741405,0.3187202733432656,0.0,0.0
737,E1933_341,0.045026492479075635,1.9245602304516165,0.0,1.8591282863286165,0.012845144166703048,0.010192149262410723,1.9499653449192829
738,E1062_367,0.0022938215242931355,0.0,2.0139321462400632,2.033803775091472,0.0,0.0015461781558398866,0.0
739,E1925_354,0.5036453373834192,0.060882787133737876,0.29410946007198163,2.113333070554635,0.0,2.087589201142129,1.6812396968125292
740,E1170_32,0.1931375060985929,0.9915466507332192,0.10225300026108587,2.239407420873029,0.6364897084316875,0.9867177968003332,1.3758549877498405
741,E1281_161,0.0,0.22416314646381647,0.0,1.6836110683673964,0.0,2.064719463554824,2.302100554569856
742,E1987_156,0.07845202510165919,1.8442820938965088,1.5811247420590626,1.813571314235827,0.0,0.6665199265884924,1.9514524898316683
743,E158_368,0.0,0.02919383159144968,0.0340320492457992,2.1264025329526146,0.0975988344718364,1.421736333788923,1.9192376615817743
744,E1788_475,0.004116981891791114,0.007429544150849315,1.9898613982772924,2.247900195736088,0.0,0.009112402221027131,0.0
745,E1850_488,0.12632107038378065,1.7424881944026294,0.03984843267523766,2.3256521361779257,0.0,0.0,2.1552165197807183
746,E896_284,0.0,0.005781470933076474,1.619275638589834,2.3040595349457798,0.0662496119125646,0.0231683381595954,0.0
747,E1211_476,0.005034407678293065,1.6981094848773162,0.11489536152005145,1.4372266395795077,0.0,0.0,2.0110621135332303
748,E1561_5,0.6859872926071766,0.9409547855097208,1.1070289362668082,0.0,0.7394812366958895,0.918162477289804,0.0
749,E1570_58,0.36619946966443817,0.7837136488880815,0.7563121917209559,1.6693478267481303,0.6570464258571219,0.5798983189646438,0.8159883098382196
750,E972_88,0.006382155808661146,0.0,1.5714852789938836,2.362247348267999,0.06417112534527691,0.06087745803402025,0.04684070995366568
751,E1742_270,0.0,2.125763741911219,0.0,0.0,0.0,0.0,1.6045669671954743
752,E1778_371,0.08015362300516019,0.0,2.2594097256080543,1.8993625446744469,0.0037445945119701438,0.0670575732485681,0.0
753,E290_333,0.0002053708131837456,0.02868743017289412,2.2376472017961992,2.2173069919687216,0.0015246111852631567,0.0613131894286365,0.005079461934770801
754,E924_437,0.0,0.0,2.051547048574573,1.958766503497276,0.0,0.0,0.007962918523109656
755,E1320_144,0.032990144685360545,1.5524902781867298,0.0,2.175565059709399,0.0,0.3981805332228828,2.4083580140620686
756,E341_497,0.02810795775180904,2.204221627761493,0.0006624959431934642,2.101149363694816,0.0,0.004025108240203293,2.0081480671950134
757,E1331_345,0.0,0.02793185943776731,2.1009373116422494,1.8505203782785105,0.0110555267711254,0.014370969327879918,0.017443686257566884
758,E1590_312,2.0751856073921497,2.6571927446495507,0.025713936227996885,0.0795341071444048,0.09979830609871873,0.002894413609114039,1.9045548023872667
759,E1407_420,0.00045141920794319895,0.0434906736098302,1.9111249374344488,2.4964504400228407,0.2980586027849766,0.014815287141598712,0.023070874070024363
760,E1729_114,0.0048469988182749035,0.005543436732490525,1.9681586012781,0.0,0.1269222985446197,0.0038381469337675908,0.04424420252697956
761,E703_52,0.5318055378011387,0.7734823325291579,0.16133757433329526,0.645445210386922,1.820888686235193,1.3131415631556722,2.43934001883508
762,E516_182,0.0,0.0,1.9559844158923112,1.8206642139614349,0.0,0.0,0.025616871381315364
763,E623_281,0.014700667390778625,0.0,0.012441473482920904,2.0650879181816166,0.0,1.6518481210181863,2.214364668888757
764,E271_423,0.00871827234774936,0.1746488859178868,0.0,2.1027300784396434,0.05457669963475189,1.7083705898991943,1.750434554580149
765,E259_417,0.0,2.2478968978129426,0.09486231437849132,2.2903867289969178,0.0009597417774893982,0.0,1.7058393306459267
766,E1892_332,0.00786538813771819,2.1587934233637056,0.0,1.827519698573297,0.00726302022445507,0.0,1.8613333680849435
767,E1950_104,0.02232866715370192,0.06386030486894008,2.0088178611887293,0.0,0.25550794617713163,0.0,0.0
768,E988_280,0.0,0.007913964270198416,0.020210546031689883,1.3972476412581605,0.0,1.6981556147638364,1.917752200650341
769,E1518_360,0.003639318433640476,0.0,0.0,2.0680393022771653,0.05196705596721223,2.123016694965966,2.081952195918239
770,E1869_299,0.09410532280220596,1.7593142114397002,0.034438996166111034,0.0,0.0,0.0,2.3992787594308123
771,E317_406,0.04168155596812143,0.035677572873377215,0.12453142135897538,2.2683430416570216,0.002272833648569541,2.307525416594661,1.6925014210455716
772,E299_121,0.0,0.423670608396846,1.7233340077785442,2.2286107985367325,0.07018880413745547,1.2097281389546608,0.0
773,E970_425,0.0012116863005584933,0.0,2.4482890207711305,2.787114353220429,0.16976806146788853,0.004598535203316214,0.0
774,E878_113,0.008517911897339287,0.0,1.2116458044180314,1.8576614900769561,0.010195772715452014,0.0,0.021421416616866515
775,E564_242,0.0,0.0,2.180405420621304,1.8208497553763336,0.0,0.285024170440829,0.40552819593839023
776,E1380_470,0.0,0.005849585616666686,1.9654792841698616,1.99042202382506,0.0,0.027384534639313642,0.05111811156196367
777,E558_296,0.0,0.0,2.0223538637554426,2.228732696797392,0.04560775686970055,0.0,0.015449223247968226
778,E1882_23,1.4121502235419994,1.4235014201692957,0.2910527633387947,0.0,0.8598241311543631,0.8893499824905293,1.4874341013441903
779,E396_89,0.008607088391894054,0.2508980202258357,1.844709205677965,1.996040349485454,0.2220151046566094,0.0,0.0
780,E1297_33,0.14918815157136106,0.9713080818105736,0.8283164215814334,0.0,0.5200388958706524,0.7765836787771878,0.0
781,E227_445,0.03357579410813731,0.0,0.0,0.0,0.003620873866778749,1.827319565968038,2.2764115912768097
782,E1940_199,0.0012445007834023304,0.01112180518531183,1.5860093344427169,1.8639123150925705,0.049188495137693834,0.0,0.05373106957550591
783,E1373_142,0.029523422783259368,0.09530347107697916,2.016670022102804,1.8318712114741025,0.038672705380793385,0.057476537010370685,0.0
784,E903_351,1.4533405251534318e-06,0.058166440594189975,0.039285415426790864,2.50172025556992,0.01916362042535218,1.752265391281417,1.948837893402021
785,E708_187,0.0,0.04019519511539151,0.0,2.320356165049059,0.21717390249774726,1.7140507202913804,2.393793099592148
786,E821_123,1.26938163945266,1.6079860655031477,0.06382257167970078,0.0,0.34029553285056674,0.3668961022586962,1.566509262392368
787,E1087_268,0.0,0.0,1.718794811933778,2.248611715187335,0.03857062662719896,0.03140579847586522,0.0
788,E611_200,0.0,2.6252657528442604,0.0,0.0,0.0,0.0,2.628548693136332
789,E1690_23,0.2680150033743689,0.6484112873992082,1.4075610185551644,1.3064873041053324,0.23698818816129136,0.8869034886649017,0.0
790,E941_287,0.04214767705996092,2.0713316378708315,0.00023508082203243838,0.0,0.0,0.12600428858725593,1.8678272625889645
791,E1617_361,0.0,0.03902325734900328,2.2774416371410267,2.3598543895997315,0.0,0.0,0.0
792,E141_301,0.005907007713105772,0.0,0.0,1.7989967650005223,0.046825766978432035,1.7473012870017928,2.0202588742653544
793,E243_44,1.0350701464276602,1.4377241955766742,0.07413444805643457,1.2520745876965889,0.4953492381918,0.564329033471464,1.826228691423602
794,E1244_382,0.014530723856592287,0.0,1.789951598062669,2.2034946352895424,0.0,0.0,0.0
795,E670_122,0.02404448262997513,0.3672161217452666,0.002623026073585093,2.2118008668765494,0.0,1.703978550388391,2.42412572840106
796,E624_498,0.0,0.018346670395213455,2.124098123631831,1.6238896113333083,0.043316523846712064,0.0,0.012138738276308458
797,E1591_63,0.007991750723595793,0.6878628769679848,0.2283170230397001,1.77374904274308,0.6564916566193021,1.4330087624791292,1.5793419410644745
798,E240_454,0.0,0.0,0.025765466984776043,2.045191178960744,0.10705679809223348,1.7612934280568484,1.965362496030076
799,E1180_194,0.00761659796930712,0.03901812953376063,2.2133841933826948,2.1588815883108667,0.032792069437233264,0.0,0.0
800,E949_444,0.0,0.0,0.04312315794468455,1.7898659028837982,0.0,1.54346156829593,2.066162886307931
801,E1020_373,0.022383992145743027,0.0,1.9916125575624355,0.0,0.05268835040251925,0.05918240789470739,0.06471265665098089
802,E1911_275,1.742364304346128e-07,2.106479774782036,0.029829673166616087,2.228321203502764,0.0,0.002717072786127176,2.3203283629575715
803,E1308_35,0.3636323732441365,0.5358987013775677,0.22279416863591853,1.1902588981240738,0.5952549986758671,1.4521537441499437,2.0316655026531985
804,E203_66,0.5146339304203312,1.4913030629419788,0.0,2.0037794841678385,0.19525781162282388,0.6206638792137781,2.1060922929647683
805,E1597_200,0.0005127571453767369,0.010862708588469857,0.01919399026647392,1.9870351922249117,0.005597187095326339,1.5771319305189797,0.0
806,E531_8,0.9099659288990442,0.806338940304458,0.5565426695715794,0.0,0.8236638068591866,0.6875197099791052,1.4402784957969952
807,E1997_471,0.012902996000110413,0.0,0.021088572191076703,2.1111694282838798,0.0051986199844171145,1.462618423645567,2.873487163488932
808,E194_180,0.02512563367051435,0.18023118744639824,1.7625204446884777,2.084742506656582,0.0,0.44524617928299626,0.0
809,E1248_477,0.0,0.002796681561249693,1.7258207757764399,2.13422430134723,0.2524342877662521,0.005620923650203672,0.0
810,E253_209,0.01092048665553435,0.0,2.3013816308743724,1.835912292948068,0.0,0.0027157122254360053,0.037321354063643314
811,E637_115,0.0,0.9865552423466768,0.3113973736885521,1.9618861796685887,0.034732511676076716,0.0,1.7315591265528572
812,E706_64,0.0987323252937448,0.3931373667610471,1.1611545450109368,0.0,0.21009786607591727,0.6797855066061541,2.00259694998078
813,E400_2,0.8930897426161931,0.7988849508415222,0.7350138955302533,0.0,0.7531994618373933,0.8936067488262159,0.0
814,E315_222,0.0,0.0,2.1043458821436216,0.0,0.08755724614802987,0.0,0.012503696956733841
815,E1636_389,0.0065301488392390285,2.1978884636650284,0.0,1.642780372239906,0.0645349719588488,0.006405029012542384,2.374508610087849
816,E447_391,0.6739119476973054,1.894664559412082,0.0,1.7835326766635375,0.4916175487431026,0.00924839359668646,2.0818780026081027
817,E1474_372,0.0,1.515880703493533,0.0032386400094835924,1.7734957205725892,0.0011478409338352767,0.0,1.5591895672357827
818,E1760_472,0.0,1.7106200113176482,0.05482041160092847,2.042215778366954,0.06185930921554799,0.0,1.7421277910982274
819,E1330_356,0.016149701390764482,0.056000389186044136,2.344180405541961,2.288205413792473,0.0015518988140505257,0.07865740905357431,0.032518349325280395
820,E1484_394,0.0,0.0,1.6805683657248818,1.8787447884393809,0.0,0.0,0.0009174693621831867
821,E1016_137,1.857635520708094,1.9127931479987663,0.005866193318803641,0.2296725980408321,1.1789917637072558,0.005758362374843819,2.0206527843549607
822,E1155_28,0.2807557623717525,0.2642062401310895,1.0520330369092727,0.0,0.07288153408469833,0.3773051524891438,0.6522787046940866
823,E1503_129,0.009842843632647208,0.021642206652110425,2.8622847027697498,1.9594908561310067,0.0,0.13522158431420522,0.32390740423101466
824,E551_154,0.0,0.0,1.7925163743728103,1.8004859412838743,0.03707018644047655,0.1987724005488682,0.0
825,E1619_184,0.0,0.05073035180377393,1.2768458092525572,1.8653104158491745,0.05539782441341499,0.0,0.16485112216576822
826,E1285_281,0.0,0.1082369296575756,0.0,1.8384492980858087,0.0,2.054558507974376,1.85776968616456
827,E195_201,0.0,0.0,0.0,2.1202683696222797,0.010040960729454068,1.938457393093857,2.0560772153678943
828,E1047_221,0.013606242664365529,0.10688074287832364,0.0,0.0,0.20086023677567866,2.0025928165686944,1.9381030054261137
829,E696_415,0.005114752300113467,0.02421440127104881,0.0,2.16127023828297,0.0,1.780464705730402,1.7720812129364725
830,E617_259,0.0,0.04517259663858924,0.7000046091721888,2.166616560207725,0.0527456932507587,2.148939384216084,1.866291386125104
831,E1436_353,2.165365597013446,1.9682612568979885,0.0,0.0018460427069906863,0.0,0.0,2.269338421706625
832,E633_193,0.29905306634662754,2.6925793434726577,0.011542201444014908,2.002244895800855,0.09879896669455232,0.0,1.8009242443898248
833,E1926_173,0.005444822087418136,0.3250561571835464,0.2366696416359767,2.286062158841977,0.01078599608156355,1.7803801150171048,1.664171766881582
834,E1176_474,1.5866730105350717,2.3185333456600183,0.013746716592494464,0.009232812964176648,1.9336303981948897,0.0,2.4349738530023184
835,E958_276,0.03572502034291982,2.358678084653112,0.02013338802294503,2.12312501621676,0.05624901157312042,0.036312209510132004,2.056608740164577
836,E185_160,1.5452491640320305,1.9629858444113488,0.0,0.0,0.0550714212903099,0.005745366916897428,1.805787729936974
837,E490_73,0.0,0.23514979874184305,1.6895190966105986,2.5652978100824324,0.11464655777314373,0.29569432773454496,0.0
838,E1812_40,0.2995325513622379,0.3940673168832043,1.4963544807171203,0.0,0.6320555732647216,0.5345540840486821,0.0
839,E674_380,0.02521395225116817,1.9752789990011737,0.0,2.0322506201844948,0.02004184355500872,0.18007153295895914,2.0391422258055547
840,E841_26,0.12870351573093627,0.0,0.6848869461439574,0.9096145507816308,0.7139850069016209,1.1627073896851776,0.0
841,E588_170,0.002551982027709646,0.4239466026552845,0.0,1.7055270568424092,0.10992371160431524,1.6485782908104154,1.6982222704910062
842,E125_455,0.059702836612664574,0.028946152606319192,0.0,2.198411288260747,0.0,2.3391756925871734,1.7717029434768794
843,E508_312,0.0,0.0,1.432952894040012,0.0,0.007172767090959996,0.01825384336327686,0.02325748176895498
844,E1952_109,0.0,0.0,2.4391031793759046,1.8682529142664788,0.3121025831787699,0.12476733935930215,0.0
845,E1712_393,0.0,1.922590507763968,0.0,2.049068926828797,0.01245652958593192,0.010249308011600459,0.0
846,E363_181,0.028357906143963118,1.7035166227242773,0.026536255386158274,0.0,0.00025260520546843067,0.16518949877815328,2.509152439485879
847,E368_168,0.0,1.8086422285064243,3.682737787670531e-05,1.5267576907452534,0.08259938222787233,0.026040104755670968,1.8169126230745585
848,E165_30,0.0959683458875636,0.3438023027305801,0.7165866074227328,0.0,0.5770640613475535,0.8929438449868566,0.0
849,E1737_331,2.1176837319290662,1.7686464114117348,0.0,0.0,0.06351978666579604,0.0,2.0456455702504246
850,E1905_318,0.021328641052776785,0.0,1.952302182967228,1.9495755442779952,0.03327558899411453,0.01787678495148596,0.0
851,E799_108,0.0011224405980664943,0.32493824761083745,1.3525123292732768,0.0,0.14006628764722834,0.7641009873475554,0.0
852,E74_123,0.12166814962574725,1.95044681272754,0.02517077804322993,0.0,0.4227569389719623,0.0,1.8375628519291949
853,E1081_269,2.2110097342813577,1.6299047995685003,0.007671636091879166,0.0,2.186277869821786,0.0,2.199514532219558
854,E1969_390,0.002019772415927481,1.134475464807,0.0,2.273147606057423,0.09179345350215368,0.0,0.0
855,E1382_277,0.006434447185788093,0.025175450030399702,1.8258984285899984,0.0,0.0,0.01736696729535129,0.005886086695785487
856,E1655_250,0.0,0.00010566142974202403,0.1609341552461068,0.0,0.16710664724089205,1.878668456187905,1.6894298547928754
857,E220_202,0.0,0.0,2.337836308231773,2.050341450548682,0.17561851968861367,0.055386502128347566,0.05890610656349835
858,E255_275,0.06704342045671248,0.046700173058813285,1.6089456254948669,0.0,0.0,0.028324615306678506,0.0
859,E376_390,0.0003703918708055426,1.7497873080015718,0.01155068374445346,1.6072592643848052,0.010815143951025924,0.0,1.9608178557455518
860,E1001_266,0.12629396778546945,2.2134968618157025,0.0,0.0,0.0987490420647236,0.0,1.8012109085979129
861,E515_129,0.09194501261092096,0.00645165339037977,2.397812425047128,2.253987130591765,0.05501761985894532,0.0,0.09189296397005683
862,E584_357,0.0,1.8161301281529825,0.0,0.0,0.015698493068185056,0.06368350061956297,0.0
863,E505_499,0.00707943692790864,0.0008048862438544612,0.0,1.8976448336717973,0.03125465532223557,2.068165882238671,2.5049312011991183
864,E1739_170,0.0,0.02405367218162289,0.0,1.7013371772573331,0.0,1.8610522774802527,1.7783287985286618
865,E1389_367,0.0007605266411710856,0.0,0.0904695518884248,1.934688718942211,0.0,1.9712824101684367,1.7802815358862412
866,E1017_14,0.4696668566090778,0.9970636383303532,0.4938273549575049,0.0,0.9279196756558068,0.4643225834720414,0.0
867,E1072_420,0.011754170250832963,0.0,0.0,2.128455485828633,0.0,1.6621364330390709,2.1675184988451925
868,E1336_102,0.0010470569525130964,0.07908441282451238,1.6430347592511112,1.8257786127294693,0.10489715932003812,0.008284623520403166,0.0
869,E1509_338,0.00041074366812349553,0.0,1.902046907328238,2.096001607872678,0.000816965755917917,0.0034813846803854053,0.002151823949042746
870,E861_17,0.8001125313254315,1.03386108589271,0.6587997779675091,0.6607629777593219,0.8697018563032011,0.6735932765194537,0.0
871,E726_394,0.0010032548295666908,0.02042086779259942,0.0,2.0133214667569588,0.0,1.91092978088754,2.0780717835498823
872,E1000_336,0.0,0.0,1.8327146834328505,2.025005347978244,0.0,0.0,0.0
873,E1096_96,0.032433175596258884,0.5579572834997553,1.8359493265806064,2.0623907912062944,0.0,1.9371872145068232,0.0
874,E1846_458,0.0,0.0,0.004438885853322944,0.0,0.0,2.2723635222057843,1.7581016739738502
875,E437_402,0.004151984499027218,0.004905004908538499,1.797009329345007,0.0,0.03077362670160863,0.007706833694754321,0.0046050802791330215
876,E225_444,0.0,0.0,2.963766124982413,1.9733336426536272,0.0,0.0,0.0
877,E1764_156,0.0,0.08983387015332672,0.0,1.8866104065216247,0.0,1.9544661615361345,2.0501858278113354
878,E1770_262,0.026459218175858147,0.3656697658746432,2.0427106687565257,1.93706623364957,0.0517357781371208,0.0,0.1117859548146363
879,E117_73,0.024730555894794042,0.4224885626645191,1.950519318110288,2.0171759905075923,0.10780609467672543,0.49093228280211104,0.0
880,E682_297,0.0015351924468698114,0.0007734205598055531,0.019940387783180646,2.528030764460643,0.10862402826910512,1.757521895983989,2.4001129647239967
881,E659_409,1.7739063435595075,2.0910127430554164,0.0004934044018082478,0.07579398659848799,0.0,0.0,2.1014523487986736
882,E501_12,0.37149065514695695,0.5825530488728601,1.4924023517743252,1.2925822601835713,0.9300499454140021,0.658097732985148,0.0
883,E967_93,0.17760438076712684,0.3786272043820413,0.5296307104515089,0.0,0.4520464650306743,1.6738442835065632,0.0
884,E62_346,0.0,0.0,1.5411733141944597,1.5891680516447708,0.19232184231661387,0.03832903765034863,0.03443698283373388
885,E873_94,0.04449635236900583,0.0,0.08343468659014819,2.001019216402101,0.07646629127213797,1.7302757037453524,2.041866852524564
886,E310_298,0.028456795491058364,2.0006036287568207,0.0001875457893772121,0.0,0.0,0.004577775308659403,2.7415497258832042
887,E832_144,0.12425439148668145,0.0,0.0,0.0,1.6873553899816194,2.0480067182095523,2.377306005915512
888,E591_304,0.020089639031124373,0.0,0.0,2.0701737688161157,0.0,1.5187276921904382,1.975444540875516
889,E238_166,0.0,0.12241528435979478,2.436124626892437,1.8663950701027328,0.0,0.0,0.0175923758874091
890,E579_434,2.0348415597280205,1.5477496118661742,0.026397410720137567,0.0,2.297652190981885,0.0208694241916266,1.9476011178911399
891,E1478_21,0.6909863681930434,0.65489007403573,0.3694570055925326,0.0,0.5097775607986748,0.7469473425632713,1.634426758009239
892,E65_389,0.023459414957693388,2.4486415250152094,0.0,2.1480293454320334,0.0,0.0,2.3740285685340337
893,E322_130,2.1192740754918886,1.8093839280329769,0.005374557461258195,0.0,0.045449119174445135,0.0,2.3810660055440285
894,E1214_134,0.02011936797588449,0.0,1.9973290685606009,2.41368733305146,0.3198483303216991,0.0,0.01034372132461978
895,E718_341,0.00713125094164239,0.06379174792039446,0.03962164044440118,0.0,0.007309235936048096,2.053330956162607,1.8679530810626743
896,E50_359,0.0,1.8657100975905685,0.0,1.4837822655922297,0.0,0.0,2.0433095912527524
897,E747_422,0.0,0.0,0.23125948190394555,0.0,0.0435312162151324,2.199936399510451,1.6171466028347332
898,E942_153,0.008013945884334645,0.012998116207166108,0.0,2.167257845166568,0.07171211828071658,2.0851646381061584,1.6272611038386624
899,E1156_235,0.01849624004531556,0.5755550336754801,1.6974517159843665,1.7754043676244786,0.00395859437277679,0.5433989001774467,0.525433009572527
900,E635_141,0.0,1.3743205585175222,0.033151757515428135,2.4134963542937045,0.0,1.6902819112951863,1.7707324088829537
901,E1352_33,0.2548965475769764,1.1026847786566742,1.0110548632402467,1.5423601316372164,0.19942046186642973,0.6600662241831313,1.3156070658673449
902,E1458_346,0.0432021568511082,0.026722060507901463,0.02342033738240401,0.0,0.1546277618074502,1.7541938294654775,2.0357063474251507
903,E1122_400,0.03107177250210806,0.008874692504336631,0.02057721243032876,1.97281185671122,0.033601245519788166,2.074925912983723,1.708744079136306
904,E319_331,0.06845917523318648,0.0,0.0033984242263164982,1.5741376994162444,0.008517452763596755,2.391374692730371,1.9032994750974028
905,E1383_75,0.4493134930163605,0.3491733530733148,0.07808986218716336,0.3093576029582397,0.2834287263121269,1.6096294788998176,1.875986626614971
906,E1559_420,0.04053559063497101,0.0,0.009847687393300927,1.9747312922889435,0.0,1.57392367360148,2.1425804388804472
907,E1498_74,0.7712696134101299,0.7747741040413885,0.2446460554584064,1.5487562527908103,1.7318043543472912,1.888962456353368,1.8200996333312187
908,E128_310,0.008846045962278245,0.0,0.0031699079772825114,1.8650548578251536,0.013037506616560857,2.214880700674929,1.8667840699536664
909,E863_225,0.027995167749078568,0.0009210998336385279,0.24620909801745045,2.4227289904590563,0.0,2.0893606014884853,1.8576505781756056
910,E1363_374,0.0,1.7593941518973804,0.0,2.731188395289514,0.08065861454996354,0.07592600764359571,2.171250290069404
911,E1936_191,0.015836532429186603,0.5305835298700042,1.0870057507673572,2.043077334305541,0.0,0.5330732599247952,0.0
912,E648_375,0.0,0.0,0.005166909912506552,2.050565452318274,0.0,1.7375607257163015,1.8281355368291416
913,E1315_226,0.058143370878875215,0.07397287513440379,0.0,2.116397793893768,0.0,1.7726541289089115,0.0
914,E1055_219,0.02114308543465541,0.011326636636973765,2.3347639469914974,2.0963675817896856,0.2912705559810411,0.0,0.0
915,E1603_458,0.009372892767300729,2.2837512523790955,0.6538069243335627,1.9092758557096527,0.0,0.0,2.1214502729109053
916,E894_82,0.37621897985445135,1.1794891961418257,1.0037462644437147,2.2224105967169825,1.46630362458806,1.1865363926235104,0.7728430396880044
917,E1446_265,0.0,0.04332575063482856,0.0,1.5546854685591986,0.24515267721237355,2.0104898677801315,1.979013147804459
918,E97_18,0.3323112455631515,0.7924904388460287,0.9062011162515896,1.1942990493253158,1.3288915399965875,0.2523458257549986,1.6484332276267375
919,E545_331,0.020278810258598567,0.00466682748041613,2.6392487787148187,2.167272508179857,0.00282686707154104,0.023334939604652355,0.0
920,E1678_276,1.7850846975889532,1.3224807960214562,0.0,0.0,0.5154440353216623,0.04704333814939112,1.979049744129624
921,E1912_284,0.0,0.0,1.7767030770169077,1.9369335466017752,0.0,0.0,0.01942613648788008
922,E761_304,0.0,0.018887078499996608,1.4625238774471383,2.357776976227909,0.010862447681980244,0.03645846020877422,0.0
923,E471_487,0.0,0.10257409612735544,0.0,0.0,0.0,2.0111264629586083,1.899421709830819
924,E1849_96,0.024041205297182733,1.4023761107337225,0.02129069783230029,2.546202366724002,0.1436345696564018,0.04189788640249135,1.5835613981116987
925,E1153_124,0.3406579798787653,1.520341284122284,0.0,1.8950827807232715,0.021348001899157587,1.5149207981812205,1.586133364231657
926,E260_448,0.0,0.0,1.920357093183518,1.95924200628602,0.04553852823843677,0.07008979950081512,0.0
927,E965_354,0.22083925570685628,2.0718362983307093,0.0,2.020585521792712,0.026998378119532863,0.0,1.812159641914304
928,E1583_139,0.051040244814467145,1.1815165613111924,0.030669951638011107,1.5995984080600467,0.15831037943941234,2.490374751825232,2.3719549793044217
929,E742_21,0.12098997419339907,0.3979822051882247,0.7217663185682149,0.0,0.93171787969323,0.794854791287759,0.0
930,E753_24,0.38058558214659616,0.7475079564424307,0.7470391765183729,1.2843293011378851,0.6277021661708139,1.0996506784565778,1.6827480453625434
931,E1345_400,0.045526094788320114,2.026570190902792,0.055762405936112834,0.0,0.0,0.013555795358011286,1.8001527706268692
932,E1226_291,0.0,0.0,0.010209839597751708,2.3337240772615457,0.5053798768636538,2.2998686382731672,2.151576101792319
933,E539_244,0.01438106034125574,1.8392224390898029,0.0,2.123486261184997,0.02245488598631236,0.08047424455590531,2.1289864964040754
934,E522_1,0.907121950890604,0.758465107597025,1.039378645823255,1.0156665577397737,1.1021698626811285,0.8668598828044248,0.0
935,E1130_25,0.3544482210230894,0.7268903298060857,1.129476298814777,1.2682932825485382,0.3791826757229721,0.3316969506734015,1.6139543205649918
936,E148_184,0.0,0.3464045513990217,0.08170012632032936,2.303629502299679,0.0057282788138001105,1.552080531199373,1.6738234656425806
937,E680_494,0.009573302152794286,0.046549535471752335,2.0354475729887294,1.9298889410161841,0.0,0.0004891617229952107,0.0
938,E1671_215,0.07833524661468777,1.9982456570137888,0.04374682114297401,0.0,0.08581331213871929,0.0,1.8480851825354416
939,E697_206,0.07498779920489487,1.7295266398719384,0.02461963882184247,1.8598368433237835,0.0033117022735499515,0.0,2.7002750328902128
940,E1053_291,0.502986950593192,1.9470961615225248,0.03787161128041305,0.499373876326423,0.4097982003075461,0.14706422186816145,1.863254565885185
941,E887_151,2.0922865232352867,1.9340511162859282,0.0,0.9532242919580262,2.020492052562679,0.0,2.114768103099748
942,E96_480,0.0278481674003632,0.0,0.0,2.1931148425176,0.013744366437556593,2.127700703599593,1.824163958175708
943,E179_485,0.02194984127872433,2.0943401058511304,0.02238269769142328,1.8664551327790453,0.0,0.0,1.8634531943411117
944,E948_213,0.69480058060764,2.3804350560127863,0.036928945814274416,0.0,0.9492404039134404,0.18381554845092749,1.847395727331742
945,E1266_441,0.031036152674905226,1.8119689796023064,0.1360810774801195,0.0,0.01508313159768277,0.017470904137729008,0.0
946,E593_338,0.010551247996081026,0.24437577624292844,2.1043999582563018,1.5890059473850242,0.0,0.014232489487271325,0.0
947,E567_433,0.04224877289348372,0.0,0.0,2.566756273568432,0.0011908856780620868,1.5168324198277263,2.049754549453203
948,E866_307,0.013515387424736135,0.0,0.13367067275994005,2.487885612409302,0.009433359340682576,2.06709992258482,1.7589083093992004
949,E1222_452,0.0,0.0,0.0,1.967077568942761,0.2334400014495467,1.9578164551917268,2.0980913795919536
950,E793_343,0.06536427648951346,0.016076709350319955,2.301988519111555,0.0,0.0,0.08245465385874085,0.03325554347107909
951,E1372_121,0.06033523761363543,0.2503919016908589,0.8099008016645284,0.0,0.035777598565593566,1.4654260897379503,0.0
952,E1899_469,0.009740917838619065,1.7077582112934722,0.003453400535029511,2.280208032748872,0.0,0.042318982933179726,1.6596855695246049
953,E1641_162,0.0,0.03671599105625453,2.0976953768340163,1.9129798412784267,0.02365643897804653,0.009211233777147105,0.0
954,E106_80,0.2115595328780744,0.9937403707811032,0.0,0.0,0.5177229689306933,0.9847716261665048,0.0
955,E1224_300,0.008540782767402178,0.00023111145638145952,0.021040082736929408,2.0585749857849653,0.0,1.9976151449842248,1.856744884303117
956,E162_337,0.10837260805853384,1.5560907558319987,0.0619798951610517,1.8682963413035047,0.16343187185163804,0.0,1.91321185463276
957,E606_367,0.029048464519083706,0.0,0.00935787612586332,1.7402282653606276,0.013475093319923586,2.013549601315781,2.1278206716265657
958,E1579_224,0.0,0.07028442159085738,1.925600315003411,0.0,0.05431686397918045,0.0,0.001707289567756201
959,E41_167,0.1006288903728724,0.0,2.020014422411126,1.7076672851385273,0.09757498940426723,0.015403241090194248,0.0
960,E1186_416,0.05315612655304873,0.0,0.0,2.278807101086457,0.06393109243395485,2.1752696098502864,2.1564669911559675
961,E1860_100,0.01042868635555994,0.2658098687726087,0.017851904347184925,2.350575660549317,0.0,1.8992655847085032,2.5178268766365326
962,E714_173,0.001267975158073066,0.0,1.5247292141419402,1.87553336130326,0.0,0.0,0.0
963,E919_304,1.5576943370572252,1.9973473429533402,0.0021009821113053143,0.0,1.8159913658628508,0.0,2.1969337985759294
964,E669_265,0.009963897268326062,0.02770150775833552,0.0050538952527244855,1.8618499403323483,0.03879150778060075,1.895351437020976,2.139103628023688
965,E1275_115,0.05433480918075016,0.1976324459992688,1.5032481472258248,1.8965015664364169,0.0,0.3630589405279672,0.2140198203275341
966,E1234_372,0.0,1.9104258890920387,0.0,1.988688071964016,0.0,0.25185624598897666,1.8803602294392268
967,E1423_421,0.03096151676532783,1.8723963926245109,0.14063849144391735,2.2586733237116468,0.0,0.0,2.12178906411899
968,E12_407,0.016750259625622252,1.3375258921288764,0.0047267079526799715,2.3450920919416536,0.020082550915969784,0.0,2.017705233456337
969,E1944_90,0.061832610278510475,0.3879595882891328,0.4926493048760721,0.0,0.21853601799954853,1.592770018512001,0.0
970,E1051_145,0.0,0.003801633206494681,1.4675448361830186,2.4159884611729465,0.0,0.031138372887414563,0.006188220499101123
971,E1213_17,0.7484939600531709,1.1841048412236224,0.4973012388382113,0.0,0.5562546824526664,0.4853743087768154,0.0
972,E1629_448,0.06253699873136223,2.1738015895535936,0.020479841816155118,2.02848965591608,0.028111742267294442,0.0,0.0
973,E1123_260,0.008215689155607634,0.009012611056244605,1.8203903363918783,0.0,0.035633531630580695,0.0,0.0
974,E1916_214,0.011635306905079357,0.034879377064336366,1.8287711013892392,2.078018295932716,0.0017633626850134772,0.012824278309301941,0.0007435247195602741
975,E671_233,0.002610482957848547,0.03692790608388577,2.081151750668483,2.0940333057848397,0.0,0.0,0.008884248995542375
976,E1754_382,0.03738329547899424,0.0,1.1302302098798669,1.6801890333346523,0.03797961239401328,0.0,0.02738820294982665
977,E1353_186,0.0,2.125813663465994,0.019794804989004558,2.438963551553975,0.10920737751755022,0.0,1.8463187080131875
978,E326_444,0.1343263419502376,2.4092537442565485,0.0,1.9168475375668328,0.0642659845369189,0.0,1.847856329470968
979,E293_114,0.013996414940189472,0.0428631560433204,1.1409672483500175,2.2839696859409693,0.0,1.806084111720884,0.0
980,E1698_318,0.0,0.01684847567508106,2.318745544947833,1.7865438628793011,0.0,0.006099080065251028,0.05485982691796568
981,E886_54,0.004445337795927921,0.5953775186623882,0.0,0.0,0.13088639519668754,1.8765244710977835,2.32208323293859
982,E1784_394,0.0,0.0,0.14038566831513735,1.7414212747176292,0.0701596838628033,1.9163633094071133,1.8449050270302407
983,E912_460,0.1740628686119729,0.0,0.0,2.1296465272336897,0.0054549223672260795,1.4340263560855278,1.601471199694022
984,E1364_117,0.03100680858342092,2.0459322794352914,0.34565433800366385,2.4736177726761803,0.0,0.06211332484874535,1.2214929723847
985,E1251_376,0.0,0.0,2.2643886994894333,2.4611113870945163,0.0,0.0,0.0
986,E1834_283,0.0044361472450023965,0.06293132567212409,1.7868035565850386,2.1885479641333627,0.0,0.0217326642050028,0.0
987,E480_302,0.005049297674232251,0.0,0.0,1.6339380587702903,0.0,2.176156758452921,2.0880647230408402
988,E1639_220,0.004372661988558263,0.0,2.5193279014586927,2.2239083771716817,0.0312973885622027,0.0,0.0
989,E1827_32,0.3414871956600947,0.5448782044940407,0.2234483828674958,1.339925118211542,0.8083675047719007,1.0379382557089305,1.8146463771290304
990,E722_401,0.0,0.027416656823908682,1.5847467827326442,0.0,0.0038400792370421773,0.028144355219564057,0.009687401814252072
991,E684_54,0.6807371868064968,1.1548803052638823,0.003765573753567321,0.0,0.619250788980092,0.8643541895435379,1.6790434726772716
992,E618_400,1.9530759536515216,2.1628652444232763,0.009353830314793577,0.07939318985040246,0.0,0.0189952930708332,0.0
993,E1506_46,0.28133029242086993,0.500752265930988,0.8566028048894179,1.360820519724322,0.6878964525800122,1.0274275497266758,1.3056751557906603
994,E1395_108,0.1385195010999438,1.7297598145245214,0.5849229254442838,1.7167242717053517,0.2116236680749176,0.0,0.0
995,E1152_334,0.0,0.186908238825092,2.0842019312587587,2.0095236759755624,0.017584935026765332,0.0,0.03546369792116222
996,E1735_120,0.11009152965288192,0.8746792715344727,0.3326298908155895,0.0,0.210472492125849,1.6266784632878182,1.6129327427615907
997,E636_401,0.013022210343172715,2.0461710852895734,0.08484156440432453,2.0815699864321724,0.0186807058425312,0.1985421291999777,0.0
998,E1124_350,0.0,0.11163768299366858,2.2425318566920267,1.6016961127494365,0.00026553649378256846,0.0,0.14679307348568066
999,E1615_216,0.02452248651238884,0.6457818245448943,0.011435533014915894,0.0,0.0,1.6228880819666494,1.8353150161397027
1000,E1092_138,0.05184921075186517,0.027477678115997044,2.147995724481884,0.0,0.039270927422367374,0.0,0.14330036354856554
1001,E731_243,0.02824293902568458,0.006086976569534663,1.8987180022430905,2.160890415676178,0.13110072905534995,0.0021817221279003445,0.06749057557125851
1002,E1959_173,0.016862003033934453,0.019405334362180164,1.7401868367394604,2.4977200114932048,0.002984760892150666,0.0,0.002534276070981681
1003,E1648_358,0.016016079707579255,2.292110948666145,0.0,1.9895343715992384,0.0,0.038461004451698685,0.0
1004,E1237_257,0.03076035668486242,0.2349429452831161,1.8942917658111869,1.8617596714419613,0.0,0.0,0.0
1005,E1280_281,0.04202820127319532,1.7307319125984226,0.03218172374386472,2.0621119770850687,0.0,0.0,1.7967709750106993
1006,E758_473,0.016603326514141654,1.275114064103367,0.0,2.263752126024692,0.0,0.0,1.977157303690193
1007,E61_74,0.2957429781150823,0.916340830023375,0.3789274326317487,0.0,0.6278040449178801,1.3476416500140638,0.0
1008,E911_298,0.05428282807820045,2.0014176864841096,0.004883430882052039,2.4445490992571908,0.03936837157048514,0.009779303430282443,1.898134458826884
1009,E590_216,0.0028194789312757213,0.0,2.286826840762915,1.4826455311987878,0.0,0.022514739992707908,0.0
1010,E1587_34,0.8146969992736696,1.9381106317981762,0.7982881448620288,0.7782863646804505,1.364068372661558,0.9045881944214588,1.2645525033279357
1011,E1991_2,1.080609527851266,0.7625621209786062,0.8593380966697677,1.195760210291578,0.6569701162579105,1.01984323891937,0.0
1012,E304_128,0.0,0.2180597085547506,0.6372033605273281,2.014550085729624,0.19030996733578487,0.6414736354163015,1.9405340731035607
1013,E1679_315,1.5860939987495906,1.4464651554116172,0.01985470079080087,0.055290769710352,2.1456197707891,0.0011217835989983157,2.2191236337248457
1014,E1828_42,0.04193635366672068,0.8351661668359489,1.2948755514910193,0.0,0.19170217512106288,1.4804064126315986,1.7355366055058723
1015,E1951_25,0.3980261813324041,0.6701961155245172,0.2179778502639394,1.1212279878702098,1.457775113115222,1.0766994992660175,1.0409863814339158
1016,E200_327,0.0,0.1451668766764776,0.001502219214820702,1.840483136764816,0.00698833071552444,1.9185712431477595,1.92009150227094
1017,E34_410,0.042022566604465066,0.0,0.0,1.990443823222888,0.01869665743042844,1.6985463831440608,1.858696515829249
1018,E575_175,1.7340139608001564,2.0157088542536137,0.027782154507713444,0.03214605884035848,1.2397025014833547,0.0039817278694054895,2.107170894997038
1019,E135_113,0.29288910740318663,1.3072433774502146,0.0,0.0,0.4473533223446037,1.5383528185622497,2.6730292739596933
1020,E1993_158,0.0,2.459565234440872,0.5280180637553993,2.415824815350391,0.0050731049554681535,0.0,1.6611128666791697
1021,E1809_349,0.0037156722185508646,0.0,2.045558890409846,2.108803653734155,0.005057192739220655,0.0,0.0016568454428436776
1022,E1688_76,0.003371014044096971,0.3856982552124744,0.6931208927240143,0.0,0.1376866299839994,0.0,0.0
1023,E36_342,0.2759423484736787,2.0545222116171344,0.0,0.0,0.10367921532102543,0.033599141792524864,2.2663390298647816
1024,E1500_126,0.025578358066167917,0.07143724718299428,2.165136905464613,1.2090358390352518,0.07185973016232661,0.0686467461987886,0.0
1025,E1390_111,0.018241033904634482,0.5684771290173026,1.5212656111447505,0.0,0.04982965572715463,0.9554930598411779,0.0
1026,E853_321,0.0,0.0253445445185228,0.0221402687138212,1.966267621552853,0.0016309572018931087,2.369962652242996,2.2470907993846505
1027,E1932_61,0.0,2.0924827361786047,0.0,2.3956340277088315,0.0,0.645982800313361,1.9222180018057784
1028,E380_281,0.0,0.004814072107798839,0.0,2.257797907686613,0.04610786206468921,2.236077767425209,1.6396231821593004
1029,E300_91,0.16492966800537934,1.6239525555282168,0.7019404504043424,0.6771765820071134,0.11436695423780065,0.5168802890519455,0.0
1030,E296_318,2.0271429998949806,1.7944699588965147,0.03514819741018438,0.020339056774573684,2.0944198694073,0.0,0.0
1031,E1560_471,0.009873468596378158,0.005056679431420144,0.006807052443240667,1.9495912319578867,0.0,2.4286122423251384,2.715589498772224
1032,E1095_244,0.0,0.024058917691721943,1.7626928363103755,2.2896429799015308,0.08517402501490212,0.0275058351066532,0.02946152287369959
1033,E492_121,0.0,0.350806937740701,2.5294980350767347,1.7727899842555606,0.0,0.5149574416507747,0.2992917609345006
1034,E905_467,0.0,0.0,1.84308944269928,1.9476485025988493,0.006374101646794743,0.03267629038581004,0.0053413306944667255
1035,E1059_311,0.0,0.10169272060823492,0.0,2.190614143211388,0.09988807962245724,1.854436773570532,1.810796809058104
1036,E239_79,1.7415622730880282,1.4846358224432443,0.2754950573993689,0.0,0.4475104412377397,0.6051685419914006,1.871307169255929
1037,E367_81,0.15822771370415434,0.8389346687655403,1.1938299879479433,1.7535376407842482,0.2505592460377277,0.6346344320838413,1.0402832865830098
1038,E1023_476,0.006415545177879324,0.015379594024675447,1.712861842099328,2.2146599734577506,0.026356829359249885,0.0,0.002934422976865805
1039,E211_95,0.019318338418768843,1.297505918935422,0.0,0.0,0.018666056815838373,0.03636124337217475,2.093958121100077
1040,E1454_326,0.005031982738747845,0.06700241532865682,1.4507885178206514,1.6616112336895823,0.03837520937984689,0.02229729586635481,0.0
1041,E980_11,0.9389876216020542,0.9996364661102564,0.7431183068726208,0.7244542293305494,0.9254579092876905,1.0880493336590342,1.324809807414225
1042,E297_422,0.0,0.023570596076590733,0.02415791778380505,0.0,0.0,1.9063065846977263,2.149928902767924
1043,E1443_404,0.03712158795856201,0.0022948526430826705,1.5657555651011386,0.0,0.0,0.0,0.0
1044,E249_292,0.04178076791611319,0.017723741236218886,0.0,2.0022496395264016,0.013906096817335458,2.2115861456953243,1.7023245150259936
1045,E989_308,0.021342664976187867,0.0,2.467893945041649,0.0,0.0,0.0,0.017075568279371726
1046,E1137_465,0.0,0.0,0.0,2.0373408051493707,0.050261740514604684,2.120350111997217,1.914295531199504
1047,E1420_379,0.02995124432406515,0.0014557346783059255,0.04886304619198661,2.259802135851514,0.04089347376042218,2.608832378192016,2.544721175581082
1048,E834_435,0.0,0.023993700578723826,2.180244445561351,0.0,0.0047747289184355704,0.0,0.049088597269695805
1049,E991_224,0.0,0.0,1.3794222770825648,1.8653594264799769,0.0,0.0,0.0
1050,E556_408,0.0,0.0,1.7353197264570042,0.0,0.11861926138600475,0.0,0.061963877046922265
1051,E1004_109,0.7340177714397392,1.9563513899396283,1.4805038081155997,1.6913933549750289,0.5615349824238259,0.26616358920915845,1.6613817183071782
1052,E1149_116,0.0,0.0,0.1584276901975356,2.635867663394332,0.0019535000299229642,1.6255520593837398,1.7700467076930948
1053,E662_228,0.0098073224080356,1.335768778369562,0.0019964062340901657,1.4684089432558856,0.0037602359235958853,0.7779211898784979,1.655005488301304
1054,E1194_238,0.07676959678848294,0.962244360941636,0.0,2.2195578256958046,0.04197601403021687,0.2424689840509805,1.8966251179707605
1055,E1825_354,2.0868407251861485,1.4561932215505031,0.0,0.0,0.0,0.028685082180301188,1.5937156322799546
1056,E209_262,0.2242342042415349,0.0019251981231423747,2.0629199047142484,2.0772601295032618,0.0016338595158901098,0.0,0.0005370558221896708
1057,E1196_362,0.0,0.0,0.010297308894252618,2.690402308756805,0.010661838135029078,2.6738314089782547,2.4155761969359104
1058,E1810_141,0.0018607558693044047,0.2714284572442932,1.82354848776624,1.6038754286556958,0.0713078680011895,0.0,0.0
1059,E231_386,0.0,0.010981368952745884,2.0417698727604217,2.2400186958530934,0.025480817492139717,0.00990312756882795,0.004454056222018235
1060,E276_476,0.0008813347682051024,0.0,1.426538431306349,0.0,0.14789930627342998,0.011380325952287934,0.0
1061,E1010_201,1.3939210707192746,2.230429776809216,0.0,0.32040870736928284,0.0339947485304425,0.002100651436789662,1.7525123712261157
1062,E424_229,0.001019715324878732,1.2093799092915865,0.0017909300779709702,2.673944535761531,0.0,0.0,1.7498715508722555
1063,E134_300,0.0,2.0385939611089743,0.02108965175305853,1.9214830407755916,0.0,0.0579883947455534,2.4218978519885983
1064,E1988_451,0.0,0.0,1.3783764808006234,1.8869517786667795,0.004927225559774487,0.0032410899844484524,0.011274743107998107
1065,E1067_388,0.03724483872348866,1.9582727685185253,0.0,1.4397923107117725,0.10562646084641754,0.0,1.5645954577438348
1066,E540_435,0.0,1.8664595914424198,0.029485039857708287,1.900743151753992,0.0437214201282597,0.0,2.5294433058095307
1067,E1106_382,0.01695532407470446,0.0,1.7829187700915547,0.0,0.00922473178879764,0.021133795139133632,0.015570676646671541
1068,E1425_171,0.23302570385844595,2.5341091604988883,0.0,1.5563699185237332,0.2406955644674769,0.06693356784807405,2.0119478277426004
1069,E79_265,0.006165052832721621,1.9518891537633432,0.227987073716922,2.1138880986501074,0.04583457034054502,0.05627484711924189,1.9760986014728656
1070,E332_319,0.06993940239713828,0.0005010580949491983,2.2917874797568185,0.0,0.0,0.0,0.0
1071,E663_453,0.0,1.8938887201050576,0.0,1.927636461335136,0.0016624739596719804,0.00201689061698326,1.669996204391759
1072,E366_226,0.003650715468653675,0.3974594486208063,1.833043801721112,2.108649985180461,0.05835624210887961,0.3143392981383237,0.0
1073,E1497_48,0.2957129540860691,1.0324963940891572,0.0,0.0,0.13339757895938567,1.1694674925656874,2.0878490222836192
1074,E645_466,0.0,0.0,2.4047673526565734,0.0,0.0,0.009237725483463551,0.0
1075,E244_67,0.2010228629925757,1.6264580465970702,0.0,1.8085733115883509,0.5337994849542487,1.8062833149609687,1.8585168764265236
1076,E1112_70,0.05823330067505043,0.2438814702570821,0.0,1.8783891491359053,0.2257929288853512,1.4553301106065688,2.1035686452850246
1077,E1804_95,0.11631705351031607,0.0,1.9345140448427711,1.8543357555627544,0.0133590637398381,0.0,0.0
1078,E592_275,0.07108497360109041,0.0169297761752075,1.8336501072658518,1.4090753928324842,0.035327149051583004,0.0,0.0
1079,E741_211,0.018908035152084144,1.6478731427769784,0.0,0.0,0.02829390806426488,0.0,1.9914864870572608
1080,E192_480,0.02432100317988475,0.0,0.0,1.522274360084705,0.035889490003791616,1.7251478955074977,1.919801992355708
1081,E241_208,0.027175221385359296,0.07928254525205873,2.2447476852967148,1.901351469863404,0.0,0.24221644819899296,0.0
1082,E806_188,0.031259136052713014,0.0240386757712234,2.4839555639006554,2.0611727419877792,0.0,0.07096397658574663,0.05367228873990069
1083,E1913_467,0.0019764007736730585,0.0,0.0017351004933834015,2.080794292105722,0.07802229955706562,1.5964472931457028,2.176477635814957
1084,E979_175,0.01777128909307331,0.02310446009332929,2.195492307309152,1.7732567980684453,0.07955735478803908,0.07431626164324875,0.0489126649308398
1085,E1428_400,0.0,0.0,1.9432727334470872,2.022848232118432,0.0,0.015119887583764275,0.0
1086,E1595_377,0.01604773405413806,0.0,2.3271874844933045,2.030196900273102,0.016476300316873076,0.04451102059216022,0.0007490940888271128
1087,E1313_404,0.0529225870204803,0.0,0.020287056229501443,2.0321265429830357,0.0,1.8843302338317685,1.9954483391372648
1088,E426_184,3.91192131082125e-05,0.020447312009116862,0.10302889876824384,2.11133779124412,0.0,1.6141339824557963,2.5056768523539317
1089,E1771_51,0.4129156948582416,0.3914412290159839,0.584480438081618,1.619387819263117,1.298273797554335,0.9990645887330198,0.0
1090,E475_323,0.01000265420671936,1.6000992228939248,0.0,0.0,0.0,0.0,1.9960769297833447
1091,E188_281,0.04306667837091769,0.0,1.989769561386319,2.1199067476286557,0.0,0.009155497845015615,0.05138868615045386
1092,E237_152,1.5785930672879158,2.0727075347783037,0.582294728708266,1.854967274033956,1.7368823501725357,0.08704764139972321,1.8096444182863456
1093,E690_192,0.016559922736294582,0.0,1.809940166010367,0.0,0.0,0.04333180515861592,0.07784943303387326
1094,E756_430,0.0,0.0,0.0,2.094103936216846,0.13662374289587506,1.8732302054828107,2.0463017931507768
1095,E1903_188,0.03671127082053072,0.0,0.03519447659264245,1.83677479871642,0.039592576900313814,1.9428138478349288,1.7970533878465655
1096,E890_246,0.0182659208240271,0.17052695082645472,1.6131015943069005,0.0,0.00147762053895754,0.0,0.0
1097,E1182_145,0.014512240654865297,0.0,0.9571983949737212,2.1749387950677743,0.07298901458105396,1.8882321091762309,1.809818553666988
1098,E683_39,0.43372883080918617,0.4903897083314225,0.2006825702359812,0.0,1.1744229342051675,0.4198498516227214,0.6517955206961431
1099,E1463_338,0.016300060336318686,1.3959007191342852,0.0,1.9276904223741087,0.0,1.318896837974533,2.4184173602308423
1100,E1731_162,0.06408085666471955,0.0,1.8081527837159788,2.0329067159060057,0.04726603552216628,0.007752506731252971,0.0
1101,E1069_270,0.0023795539603589442,0.04565353933705787,2.228764054316148,1.8861826372857948,0.0379443117667023,0.0,0.0
1102,E521_161,0.005986492605211802,0.0076655584415404035,1.9243462221260068,2.22621101404812,0.0,0.007931375419673113,0.0
1103,E840_373,0.079257018166482,0.02454643586930817,1.9901724918203043,1.8373574865644868,0.0,0.0,0.016416220020702574
1104,E907_52,0.008271878767901624,0.2442104850861036,1.1390332129303546,1.4654462543267768,0.0,1.6893972012543168,2.1078376116446447
1105,E131_186,0.0,1.8306483308815118,0.09503905289587188,1.6446804047606915,0.006543418552256729,0.0,1.6199798903894365
1106,E1901_282,0.07848057937060103,1.939995340635864,0.0,1.911233091212123,0.1935711522268476,0.005933113701283124,1.7105178356094273
1107,E365_292,0.002343761090708921,0.0011091633162362766,0.017957016198079597,1.5652222143570764,0.037556373297336486,1.749600920107094,2.173738896054031
1108,E268_129,0.6184492919670234,1.7485523844080473,0.07396279120180238,1.0031668815243004,0.10075810632096348,0.38448883498330666,1.7731978922009386
1109,E1673_438,0.07983533566139782,0.1573501419706408,1.9599641474338103,1.8095858382230487,0.00360963281605568,0.0,0.0007849712046952024
1110,E620_275,0.044112391551209634,1.7120194591481326,0.00036651789729830767,2.000985184782305,0.0012123351903278313,0.0021539339035697,2.1823790835923385
1111,E1223_307,0.03933760766348938,1.93958504062811,0.0012279836739334132,0.0,0.0,0.0,1.6221039719946488
1112,E1391_369,0.015505345392604453,2.020560137374012,0.011435924626968156,2.2094214894867106,0.0,0.3300012641038365,1.9548524805713927
1113,E100_493,0.012312621926273776,0.016211721250576683,0.06637506645974903,2.1668936162753827,0.00703363634125849,1.9513078490052649,1.5052767288941875
1114,E1114_204,0.05725097610365185,0.0,1.7948972802289056,2.3084688865807483,0.012065654304966884,0.026321572061163232,0.0
1115,E1780_272,0.006282891512963611,0.06383211354630958,0.018515330447086205,0.0,0.0013544167182852757,1.8798871468826759,1.6886469250641922
1116,E216_88,0.16024502053597084,0.9899082924433992,0.3270388671289128,1.9750522831847648,0.12255769064483985,1.0286701750748757,0.0
1117,E477_154,0.00032343039135463705,0.0,1.667595892827791,2.3102260858431163,0.07992675856313113,0.0,0.0
1118,E1883_436,0.00981088088261135,0.0,2.0704141433314467,2.4270474860539104,0.00304869259672287,0.035748218162359194,0.01062876405277121
1119,E1721_376,0.0,0.004306648054474218,2.3681576615291133,0.0,0.04703816142594544,0.0,0.0
1120,E764_411,0.0,2.1624968318760667,0.017200373910761967,1.7441410176300396,0.0007378812574497798,0.0,1.6266577436696037
1121,E953_43,0.5605244005808184,1.0706750505637768,0.28654540507317,0.0,0.4452283401014975,0.44855610948760494,1.1184147564782672
1122,E1232_418,0.04425457142230599,0.02629190301303414,0.003731371981326061,0.0,0.005788384195656525,2.326899545622536,2.48497613868764
1123,E236_81,0.057370718560225326,1.6530426380840602,0.0,0.0,0.02230771489681458,0.22924396541140354,0.0
1124,E634_17,0.3238959539823753,0.36671715764134544,0.8699469169830333,1.2222169913553238,0.311503621673538,0.6706859401053417,0.0
1125,E589_229,0.001996845485845992,0.0,0.010639318767509828,1.1757496796580686,0.8980264594896086,2.412151366067868,1.5615329535966462
1126,E1694_308,0.03331669019533121,0.015204539122193128,1.9668137279161595,1.4706661004388728,0.0,0.05999931115303502,0.0
1127,E1256_299,0.0678194133390321,0.0,1.4180692607943841,0.0,0.038015046225990064,0.015063430666520843,0.0
1128,E1582_182,0.0560810980368054,1.2856670498879819,0.0,1.6365671743810637,0.0,0.3188567717229589,2.021055128267998
1129,E925_395,0.0020274023958102025,0.026325859383430062,0.0,1.890980727039794,0.04010558727432829,1.5792219871370483,2.2413584501760657
1130,E1063_330,0.0,0.025155794377586298,1.8685066196600808,0.0,0.02272190144983161,0.0,0.004324881633079215
1131,E1618_198,0.013897408240083484,0.05432558714944607,1.8072935519838431,1.5794455766357804,0.0,0.04613477850614967,0.0
1132,E950_317,0.05391748724611173,0.2387009450617655,0.034311850494517716,2.3431467832206088,0.1199248505534038,1.9070741619119784,1.9680208136310104
1133,E639_357,0.1334709801938138,2.2332840992358705,0.0,0.0,0.04708054149639253,0.0,0.0
1134,E1875_181,0.0,0.006728593270890171,0.004379150096829366,1.882878767426884,0.015580708682574532,2.791341308266961,1.8566825290430324
1135,E113_394,0.012084825790350593,0.0,1.9369782282871728,0.0,0.0,0.0109077762913176,0.0
1136,E306_478,0.0,0.0,1.7162752533950447,1.976797229092949,0.03655831757128454,0.011350254007204135,0.0
1137,E1188_141,0.7314261165592317,2.3738168505791863,0.0,0.0,0.4078818666316997,0.0065812151724759784,1.5889664082971926
1138,E499_147,0.4251495247726256,1.2437507378577126,0.0,2.0897350512753894,0.4346586505577243,0.0,2.607976356604361
1139,E728_356,0.07533571428419669,1.8650573557684296,0.0,1.871513791216394,0.09577797204708942,0.0,1.6309482466469494
1140,E570_66,0.09413295783873654,1.3506924738248032,0.4735398953224498,0.0,0.2732989574375641,1.0556903230945736,1.5111500755462195
1141,E660_286,0.0,0.0031163561709762373,0.0,0.0,0.0904850527305572,2.620507393055451,2.2096368656333327
1142,E1082_192,1.5180325393063454,1.8474513960191632,0.057272970361938964,0.3783965686789697,1.6140623748440237,0.0,1.5288009167782357
1143,E1605_227,1.7691983699884732,2.3491334221090208,0.004328812087435664,0.15998158581817584,0.091918588755916,0.0,1.8261144239115823
1144,E984_459,0.026421454652336487,0.0,1.9156800618805567,2.1994672004621307,0.029161359047004093,0.28372395489892965,0.0
1145,E927_219,0.0,0.03837295931051638,2.2988664491762942,1.882543001669736,0.015405981590863572,0.0,0.0
1146,E1278_197,0.008948720511938605,0.0,0.0,2.37427716854291,0.10608161740071732,2.1187028252900637,1.6982229955180277
1147,E1841_22,0.4711838758908724,0.2265324158995797,0.681358404972547,0.0,0.4676721680719361,0.20493581440513592,0.0
1148,E214_295,0.024959543471315345,0.0,0.10572061510100696,2.0188901912037576,0.013027259701893518,1.6694046227115649,2.4415657422600567
1149,E1158_124,0.3996003073295301,2.2933783312238245,0.0,0.0,0.13001562308748327,0.0,1.9414672766652223
1150,E155_483,0.039370793306780935,0.059278527723329415,0.0031179787996246395,2.324008900602786,0.0,2.4762716476286544,2.1264193709834536
1151,E4_304,0.002315571288522509,0.02061502765270614,2.020035115286808,1.7405410349580104,0.0,0.1992361138863874,0.006184359668225441
1152,E1145_272,0.0,2.3512836355635174,0.0,2.1267196929543712,0.0071170629478716045,0.0347926215224801,2.1991606765284746
1153,E568_434,0.09174944684756386,0.014070304637942515,0.0,1.9192546632604983,0.0,1.952587312159924,2.4020311239754246
1154,E1656_457,0.032287742960943916,0.0,0.0,0.0,0.0,2.1391783221761216,2.3306316942923626
1155,E1495_480,1.8604887273272768,2.561127735850326,0.0,0.0,1.9928022481771328,0.00889163224231893,1.5660445482469545
1156,E1994_190,0.0,0.0008291456361362782,1.5407171553780032,1.943993985713228,0.0474711329122324,0.020421478816897938,0.0
1157,E1024_494,0.011912304684005448,1.6156376372655217,0.0,2.303268059277777,0.03832745189868311,0.0003427650379137433,2.330073930819572
1158,E862_328,0.031375222236474765,2.012339633022096,0.0,2.493913289186388,0.0019800697766960912,0.0071484899833457235,2.545081481389889
1159,E1035_373,0.008335650102633858,1.6984618956075137,0.008480384198939565,0.0,0.10687403578909388,0.0,1.8378552174497187
1160,E1375_132,0.02928437047483353,0.0,1.8883855251994384,2.0844818524776194,0.0015267023184168153,0.09563622302113688,0.0035931368080042094
1161,E667_464,0.0,0.0,1.9098615494681503,0.0,0.018359160692147283,0.0,0.0
1162,E1915_480,0.01774026308077544,1.6268012993500216,0.19384327290440595,2.5492209776893446,0.0,0.05436718772146861,2.0172175438771616
1163,E104_352,0.0,0.0,0.0,1.9317379312238727,0.0,2.036231338094846,2.255268953519205
1164,E954_287,0.012476534817472929,0.06718112019676759,0.996894553712005,2.2329842746465016,0.2968421832547081,1.965561786009556,0.0
1165,E750_113,1.7522363254214162,2.641527055127629,0.0,0.0,0.05451318528493383,0.07981387298579617,1.788495748265536
1166,E1687_314,0.0029557783402413265,0.0,1.6026438048305456,2.033591173479905,0.1198315280922041,0.010937789017036377,0.0
1167,E898_110,0.04559623350317464,1.8535916700407904,0.9483331149106184,0.0,0.1630249612459102,0.056063397991312255,1.997071382900056
1168,E553_321,1.505850181258898,2.1083073142806925,0.028537295446040063,0.054310580815998905,2.2256984639192323,0.013299123671408055,1.9281991958824811
1169,E1522_102,1.7572421476874978,1.884681392088236,0.016207092904361863,0.0,2.1182911917366614,0.8721688404839312,1.8108626138493853
1170,E1963_437,1.5806481870664637,1.6143845001012351,0.0,0.019533627085183226,1.973868078517471,0.0,2.101331331968506
1171,E1091_422,0.0,0.002536556530966765,2.002676536511538,2.150247120968842,0.017936060428266266,0.0,0.0
1172,E9_288,0.0032299802823287822,0.0,2.0745905361185124,2.11849133488794,0.013604656934840744,0.0,0.06246611270077763
1173,E613_194,0.0,0.0,1.9005471810457488,2.427667539695816,0.0,0.0,0.0
1174,E801_125,0.5228204776873148,0.5323917895600613,0.3317638573322123,0.0,1.3583370026985775,1.9291943637015745,1.8144904359042204
1175,E643_107,0.035737676459618235,0.06889679473929128,2.0064644613652747,0.0,0.4789956019403929,0.0,0.1971534775711507
1176,E1005_458,0.0379085844589015,0.011575478056917693,1.7338081202759792,1.7967026958861072,0.0023515859052340693,0.0,0.0
1177,E616_194,1.4884391410278783,1.9751551870646693,0.00013510844277009852,0.0093057908971717,2.1958075527322958,0.02374548505307334,2.2782510205341904
1178,E1291_453,0.013898286838876756,0.0,0.0,1.4568700596927673,0.0,1.9171921399366003,1.8568860742613664
1179,E800_364,0.0,2.159399461252078,0.0,1.9436551658490409,0.02688330167460919,0.018034113517895186,1.9044845346298227
1180,E82_290,0.0,0.012430379327776584,0.0,1.9576340543469024,0.0610571802325076,2.164575756407455,2.1496619732350792
1181,E1857_409,0.0,0.0,0.1251378323042895,0.0,0.0,1.3785606195449125,1.7353822582497822
1182,E582_472,0.0301212384247634,1.990883847867028,0.0,2.167421222699352,0.0,0.04926288928880025,2.6369137722860385
1183,E1538_8,0.4582691291557346,0.7927586700695778,1.6693656919015534,0.0,0.8405248129697038,0.9172216829260892,0.0
1184,E1034_78,0.015109407519250754,0.0,1.3041971159411718,1.817194365203481,0.4212060512462416,0.0,0.0
1185,E730_278,0.09512640240497114,1.6725488578352938,0.02527199535414226,2.6538455957214886,0.0,0.0054799141186200285,1.8701780103496464
1186,E565_22,0.233166219159047,0.2924776540347089,1.3613942198907931,0.0,0.4649955379538615,0.6916448547798429,0.0
1187,E724_248,0.07413644704907704,1.7316705598907998,0.0,1.574072159314222,0.2677853073867721,0.03211395121579873,1.8642323974289456
1188,E819_6,0.6272807551238427,0.8851096551809857,1.0459596939562479,0.0,0.6642510129542285,0.9499031005608426,0.0
1189,E966_326,0.1430404643829175,0.0,2.437749151041224,2.3178897670229457,0.0,0.007236964677678949,0.14592752391865882
1190,E513_210,0.05279862708259096,1.1775665282135417,0.0,2.27878369661563,0.001303919514142785,1.80717240729652,1.8404354786199209
1191,E1166_383,0.06060266039450335,0.13641037538905326,0.0,2.4306680428506757,0.0,1.7264146737040198,1.6928468886541286
1192,E466_130,0.07122038872577968,0.2137037440399052,1.2766533609119162,2.332395413499234,0.04835162358148142,0.3135035375341287,0.3299344210386464
1193,E533_34,0.7965370459941464,0.948414375800982,1.8034493323918068,0.0,0.6130213081759656,0.0,0.9247971709594748
1194,E343_457,0.006802024831411542,0.015481748970014026,0.0,0.0,0.0,1.6425438950893736,1.644384535106142
1195,E1018_349,0.031189190741778738,0.0,0.004591791261860521,0.0,0.0,1.6293848229962984,0.0
1196,E1424_377,0.03911135993724845,0.0,1.9443408525915709,0.0,0.0,0.0,0.0
1197,E1585_195,0.012604980505388816,0.0,2.160722539729083,1.5730592296363155,0.18880655023935866,0.0,0.0
1198,E872_55,0.1690267134167187,0.9725118844543488,0.9949880190885698,1.741859391635489,0.07826220572329022,1.1979979400966991,1.6575766123589657
1199,E197_250,0.03562976990776902,1.4332267709142252,1.094774198085438,2.1733985219170044,0.0,0.7072994346922583,1.631198332459492
1200,E1376_86,0.02155881288587751,0.0,1.861072132785052,2.262663910165433,0.9688889586172168,0.1270967578008318,0.0
1201,E1414_484,0.016888804674389364,0.04464408288003045,1.694547617931382,2.3699936623430555,0.0,0.0,0.0
1202,E1417_313,0.03758726318252417,0.0,0.0,2.0310496836825784,0.01472297547563666,1.950732162414388,2.3238340011891423
1203,E1274_442,0.0,0.04002399472859211,1.6400658830966952,0.0,0.00819408346169834,0.0,0.0
1204,E506_440,0.026040610123447223,2.5743460192822014,0.0,1.6120150535297628,0.04571550270543658,0.0,1.4636956451680223
1205,E1183_474,0.03685829958915547,0.0,0.012578354742081277,2.2407167542165056,0.0818364186579383,2.520683650361778,1.7606193587285919
1206,E1228_321,0.07662963973484649,0.02099962519701659,0.04437445502304255,0.0,0.04471545818012768,2.169704822982532,1.7799654823669502
1207,E1133_234,0.005666370503589012,1.837959704120934,0.0,1.934816897522628,0.00323956296850373,0.1271632912486199,2.1647294626061626
1208,E1924_454,0.0,1.6967326448728173,0.0,2.09918683964313,0.0,0.0,1.9059472804226865
1209,E1440_189,0.19732950913133626,2.267873782330628,0.01505123104744251,0.26828997659137394,0.27724697261401665,0.5174733749917337,1.7658228608125537
1210,E1405_206,0.026341013044384628,0.0,1.7778924521946478,2.1390471993195246,0.054279353071085175,0.036928255493812914,0.034623480050083
1211,E1230_476,0.010175470763425957,0.007526679033870295,2.4818623888618387,0.0,0.061118282406353336,0.012443187271446877,0.007961542560660142
1212,E250_148,0.08330355681941146,0.25164599928312514,0.0,0.0,0.3877112544710573,2.150085786042833,2.2840515675164474
1213,E273_160,0.0,0.0,0.0,0.0,0.4054486837749581,1.2049745656091393,2.0544302156367205
1214,E1453_87,0.367135189631288,1.3924980604339476,1.8826335615375565,1.3685455336783277,0.2624018892195004,1.3658130616001063,0.0
1215,E1660_93,0.38903023006455145,0.5080900961462337,0.004438201257656182,1.0797357343598395,1.0282651641177625,1.7098518447327158,2.0169802383826547
1216,E159_153,0.0,1.8182000179877007,0.03139442268114344,0.0,0.012332560684919431,0.0,2.2440361542894083
1217,E1411_376,0.0,0.07916094707232088,2.322256986788416,1.7745867767666954,0.037563475708957655,0.18975211981484166,0.0
1218,E992_289,0.05248318753281784,0.004731778323467909,0.0020631967275349453,2.0716995108134184,0.0,2.305628306570536,2.4248472847355664
1219,E665_183,0.06322488461043332,2.5185134579382202,0.014410068346481128,0.0,0.15375861314819514,0.0,2.178443568689019
1220,E374_316,0.026154871692811686,0.0,0.01990558155683044,1.9885613298834108,0.041524522850925616,1.6149444203971617,0.0
1221,E55_342,0.0,0.0,1.5762227447917545,1.8854224240618087,0.026859422089967937,0.059425732829136525,0.02190829163254257
1222,E1136_204,0.006308112459282117,0.1932793245732854,1.4116579898422137,2.429164674875993,0.09211890425614748,0.032141443950479555,0.023226650491282242
1223,E1357_330,0.0,0.0,2.0437685606997644,0.0,0.2846476917211758,0.0,0.0183552607565323
1224,E1406_358,0.06566525862699157,0.9050503401820568,1.3238105333672534,2.0310560719193362,0.0,0.006289311660164986,0.0
1225,E1942_354,0.0,0.021511301201369216,1.3455153541990283,1.4471826273350887,0.0,0.0680456896515973,0.0109775247088867
1226,E213_404,0.0,2.3434348638441302,0.0,2.0255407659906184,0.025892614245200767,0.033998498520413686,2.6205765377317807
1227,E1568_450,0.019394412006429863,0.011762200278301854,2.003977150870057,0.0,0.0,0.0,0.0
1228,E1593_208,0.016452774527113422,0.0061805532798364345,0.0,2.320346883610884,0.0059631911369973645,2.33438883697973,2.331307420971328
1229,E137_170,0.10482227920945678,0.367607106140322,1.7762786349408242,2.063734815093389,0.0659332760756575,0.37951774312924347,0.3994329442585203
1230,E1955_371,0.0,0.010635082197848502,2.0915601926906002,0.0,0.0,0.0,0.0
1231,E1510_61,0.5718368233672021,1.1679033617093872,0.4922147280149551,0.0,0.4904813313612314,1.2130212427186555,0.0
1232,E226_292,0.1120739689473556,0.005281296777756892,0.0,1.6215500083797498,0.12130095259733635,2.5009901500014458,2.1589541152917886
1233,E1914_466,0.0142352663102405,2.1012761183610222,0.0005207436610407915,2.1408208884484297,0.0,0.0,2.0768838773985348
1234,E1558_203,0.19878985500313529,0.0017775377802035407,1.9762653603615463,2.246861186670611,0.0,0.0,0.045779541592841234
1235,E1965_188,0.07320582764477164,2.308495579368788,0.0,0.0,0.2270365826759768,0.016138438582554142,1.6704595034852996
1236,E867_471,0.0,0.13851284812987766,1.830955763833345,2.419216930654019,0.023024975923505192,0.022909326750981958,0.0
1237,E1581_325,0.0019869177954175607,0.03365586725735949,0.16878173644490402,2.130191803214777,0.0,1.8635775728353667,1.079661142917347
1238,E1856_369,0.040178997421944834,2.097960509230992,0.19963725529016726,2.477544442632144,0.04541897090401903,0.02039403986821096,2.1614952203179483
1239,E1089_126,0.7011945602673133,0.6374518544481903,0.0,1.8014963804694544,0.06093108027306793,0.9124375585555352,0.9676904458210828
1240,E842_153,1.7903275240085637,1.8191838904408084,0.0,0.0,1.4844619681963476,0.1512116874135573,1.912307157392154
1241,E721_180,0.06680372606937275,1.8939973113429835,0.0,0.0,0.23607795346962,0.019008152448751817,1.459721166750524
1242,E1306_459,0.12702246501205985,1.7437414364720096,0.0,1.4971523156252038,0.19918222142927747,0.0,2.551503074526053
1243,E172_8,0.7276087887044852,1.0422506686307305,1.1811060737085708,1.0425486124154877,1.0223776670016682,1.0094590979877511,0.0
1244,E19_482,0.0,0.07446297375818063,1.9638598966038887,2.108002531085129,0.03740038419059538,0.0,0.0019574893218687927
1245,E1052_383,0.0,2.1966435103268283,0.0,2.139044712514481,0.0032211988156450877,0.013380570120928793,1.777641315379083
1246,E1920_297,0.0,0.000369767818119945,2.345277773831948,2.4754941070094096,0.0,0.0045957412804826575,0.0
1247,E463_265,0.0,0.0,2.2194493946292817,2.1056766913332114,0.0,0.0,0.0
1248,E1767_206,0.1037751575913948,0.012036013966621722,0.026041885673807327,1.8726728508789725,0.09496590550821436,2.0148599465608883,1.9870881638079307
1249,E1490_128,0.03942549769909673,0.046713788501604576,0.1352419114822503,1.360341221071504,0.0,1.5993492614908995,0.0
1250,E1470_142,0.008638971885198807,0.0,0.9806822891082678,2.3539548738623064,0.09628345630463224,0.9362238029886442,0.9939689379195604
1251,E971_326,0.0009144011726534033,0.02838777128792332,2.2537156819600197,2.2579155529095267,0.03410968937425709,0.0005283795241861353,0.010424446912034457
1252,E1350_189,1.1308552608513645,1.7265938942316312,0.0,2.5003218578818656,0.980114991627644,0.4445435902751549,2.366125061698272
1253,E1430_456,0.0,0.007984269991583264,1.6908433976427468,1.8826381058886281,0.008273946068098103,0.10163159558281026,0.0
1254,E1015_338,0.009728005676878669,0.003440889821967115,0.0,2.096151629271448,0.0,1.7786754652592651,2.2035918217276658
1255,E712_192,0.001536101454932869,0.10497554805117963,1.3580885353522771,1.579026055672532,0.05965621247564627,0.19991742998306225,0.0
1256,E189_367,0.005064430200116001,0.0,0.009514666246522823,2.5726196969759942,0.038370496113293566,2.341338432505774,1.6307345399917068
1257,E776_277,0.013193496016503777,0.03944988357709637,1.94635143135757,1.5287775828450063,0.037808764602523484,0.08454716623090175,0.0
1258,E999_254,0.0,0.0,0.0,3.120152990096224,0.04388859178975072,2.021098395890912,1.981609049161072
1259,E1263_76,0.3740669732802041,0.9546925650516522,1.348159000519372,0.0,0.1452121717277417,0.25532886899883345,0.0
1260,E1675_307,0.13299782828188467,2.2332929943373405,0.02830138390264893,1.8990285438485024,0.4189529243817369,0.0,1.7630298037936387
1261,E1766_110,0.0042344790000684715,0.016253043358617447,1.3899703865170678,2.337286159535461,0.11228465185865467,0.22351300455549009,0.494291329339564
1262,E71_233,0.01822821483098,0.09620798580795788,0.0,1.874034011989022,2.6301634837860724e-05,1.9667576595166207,2.0977143098589983
1263,E1544_179,0.02446224210295583,1.8446922689681733,0.007003864834528821,0.0,0.08301706141983314,0.7085521034151483,1.6758338435780715
1264,E1422_45,1.0839805192689729,1.4750001661879495,0.33510778113048423,0.0,1.6795267326343182,1.4837379891740918,1.71699957069193
1265,E1429_426,0.11518528800401905,0.012836070713420055,2.5945685195164163,0.0,0.0,0.0038805803450307225,0.02556546942365035
1266,E1802_387,0.0,0.03779838807018157,0.025610916803399008,1.690690562738726,0.02139096090806901,2.3426181992590127,1.7435017435951603
1267,E1469_11,0.7298226653159625,0.5908007351513744,0.6887734657921042,0.0,1.0845671626967213,1.2079300472363546,1.2008376423918197
1268,E1339_88,0.002861518061825868,0.0,0.0,1.7641705484117178,0.09081211512224603,1.6185231441574586,2.08778191385392
1269,E1159_468,0.0,0.0,0.0,2.3183447503658923,0.0,1.763586850262483,1.6725953319213274
1270,E1592_309,0.04780339144272412,1.9830457345964967,0.0,2.83322816966021,0.0,0.0,2.123773242770198
1271,E605_388,0.020905578216144128,0.024931994185134733,0.002333909254705275,1.931902518415176,0.0070028335336245655,2.386221261718435,2.2821740831529125
1272,E1438_399,0.01329814354220255,0.027597236369399963,1.525014046225212,2.047594924041592,0.0,0.03460166506186869,0.0
1273,E1013_116,0.0002438367463865297,0.061438545664407575,0.0,1.8760378863253475,0.06540301150998447,1.7557242278630034,1.9737587103852416
1274,E621_56,0.0,0.2708136955667841,0.2710756210450408,0.0,0.4744173151155137,1.8079105542605909,1.3314226763268509
1275,E904_221,0.01605640577614461,0.037803930792767296,0.05584303905420891,0.0,0.02564682042970402,2.2929175376254958,1.7702299423335817
1276,E964_201,0.07103587769752544,1.2869067971738508,0.0,1.957454753546824,0.1653776986291605,0.0,2.000174056652278
1277,E820_288,0.0025398417758193985,0.1779280819867076,0.003751131033313833,1.8118301360084896,0.03939978572850519,2.1076060495648314,1.812591145114289
1278,E57_105,0.0016934879375037474,0.2807279102023081,0.0,1.599097046627277,0.0,0.7046495675303835,1.951365238369656
1279,E1362_411,0.0,0.029522753694357525,1.8337880574818093,2.269875429174709,0.0,0.0,0.04637473029660555
1280,E1753_25,0.3397676833572939,1.0582196515440394,0.18181831842418936,0.4436593206392183,0.3900868922243207,1.4526884705837635,1.7730258154843408
1281,E1685_458,1.4864026238960593,2.067933441957004,0.0,0.0,0.1308195908425551,0.04658304917615904,2.2314648234997088
1282,E831_264,1.6259148483894283,2.6158778376867544,0.0,0.0,0.10439263811510192,0.0,1.9809411473805147
1283,E729_186,0.0,0.16582007283826922,2.317539829551686,2.4253006567739432,0.015686783778677486,0.1474792629074717,0.0076716768167548
1284,E517_188,0.07403310230100481,1.9581854589481256,0.006535179081579095,1.85685105423307,0.14215032175359255,0.0,0.0
1285,E1174_363,0.01613290076140407,0.0,2.005777859388577,0.0,0.07195999306191117,0.0,0.0
1286,E734_352,0.0,0.12898358902076454,2.2558171085409224,0.0,0.0,0.0,0.08812086764416067
1287,E530_396,0.03532248530927777,0.0,1.4595097267582735,2.0077214494984537,0.05314162723512221,0.0793527658091605,0.0
1288,E1387_288,0.0038885047545126243,0.0,0.007150776363631955,0.0,0.0,2.146485690601926,1.3005084113305587
1289,E860_395,0.0,1.820410486699578,0.08240406159930201,2.281326334920992,0.0070763093776144296,0.01114680389882892,1.9183404356289588
1290,E1734_398,0.0013738321608722432,0.00960905211910843,0.0,0.0,0.026377972295940355,2.2139495462796868,1.968878997490808
1291,E1192_463,0.04048341985706341,0.044280346421117306,0.0,2.14976581704008,0.0009164828152888293,2.213485820945793,2.1734768472127737
1292,E1695_106,0.04761086793706959,0.0,1.600396768783384,2.1380924220235986,0.08359322772134467,0.07628279652636133,0.10682502192119972
1293,E357_243,0.0018485747120133512,0.0,0.010686559536332641,2.360906712195889,0.0,1.8212031491834832,2.1185042508228324
1294,E256_270,2.346693162302019,1.85785902466063,0.005701290600968178,0.0327578787867062,1.6472660975293647,0.0,1.995745687444124
1295,E1399_161,0.00015384355260162155,0.0,0.09427339883219993,0.0,0.1094296531588692,1.9759849627153256,1.864378393311621
1296,E127_354,0.014274114705239609,0.0,1.2526736458345715,2.2663360464225097,0.026288517039270824,0.03987097965654764,0.0
1297,E1441_421,0.0,0.04852813828991498,0.010088460813713793,2.4032658987970565,0.0,1.8507069154684133,2.2704238076741468
1298,E1359_486,0.0,0.027351904001695997,2.1020806950942177,2.673041649573668,0.043409542121310936,0.0,0.04390384895523757
1299,E1505_75,0.15612806476712587,0.0,1.920578517070373,0.0,0.07932378384079948,0.011750293376281185,0.03863767367568004
1300,E705_258,0.06951435588250335,0.02765014848455472,0.07575700233234121,1.930245362502086,0.036705357766949324,2.3618079507742715,1.6451028205851292
1301,E1148_11,0.5322248236367035,0.9197578859383656,0.8453320008790711,0.7051344498276034,0.35163294286322994,0.6356002778337795,0.0
1302,E1524_293,0.04942989969840294,2.27654735451889,0.00515812607048105,0.0,0.0,0.0019201544576332246,2.358541767543937
1303,E1184_43,0.053616845623880784,0.3352245327495077,1.2461192421671543,0.0,0.5651300251853731,0.42074436749000654,0.41483300122217626
1304,E961_173,0.07197236188560947,2.2857261342687494,0.0,0.0,0.0746784399024008,0.0,1.656119142746946
1305,E1369_42,0.33424626389135914,0.8733493373077941,0.16650328309717605,1.7326989222222935,0.12057625300289362,0.0,0.0
1306,E1540_482,0.025302474784684538,0.009633241089873856,1.5929157100558486,1.4765341843540924,0.0,0.017633123997275308,0.04656892740677706
1307,E1239_2,0.7104185174322144,0.8600335066314306,0.8630460452358704,1.0195151603344803,1.0544087236443058,0.8622365836789504,0.0
1308,E1398_279,2.0555461949274645,1.8126541637240727,0.00513141795856158,0.003616320155245404,0.0006699319551908532,0.011126015714008446,1.3874258082387625
1309,E1267_348,0.0,0.005587383946347595,0.0,2.209276965223098,0.017754217221078502,1.9480325253815032,2.3851531738326224
1310,E229_207,0.2956129056318451,1.562149460610614,0.020152644948803047,1.6985406000133216,0.4216490187689868,0.022309033752068736,2.432799215536116
1311,E828_385,0.021996371620160923,0.013169553702169693,0.0,2.014882651234695,0.02454859416815632,2.0460326291274264,2.40458129013714
1312,E1163_359,0.023385003277930336,0.0,0.17994687553229555,0.0,0.02762978738901173,1.892440374365843,2.041814959361615
1313,E461_402,0.0,0.0,0.0,1.8864740874094457,0.009096929534447159,1.9991546693521485,1.731159784848047
1314,E1823_340,0.06614872718938483,1.8063148031395289,0.0036972636638388603,0.0,0.0,0.0,0.0
1315,E1349_230,0.005323404614859075,0.0,1.6149877388398928,2.5354749137033648,0.010887171791210834,0.0,0.0
1316,E810_491,0.011221494691124791,0.03277389867357205,0.0,2.4700536531156887,0.0,2.343040619047584,2.240973581003504
1317,E1476_398,0.0,0.009225421841066945,0.0,1.859022205117338,0.000412412121336733,2.015911073171597,1.7247737480777643
1318,E208_221,0.07818602352541161,0.012368064787112885,1.8226364277672333,2.323443614784005,0.2385958559916247,0.025897854616458733,0.0
1319,E1725_182,0.0985566455517202,1.8806679617984543,0.021292174778124867,0.0,0.007294101926029389,0.0,1.7005231653883122
1320,E871_399,0.03578279692688452,2.1941570810025746,0.08335566435364644,0.0,0.0,0.0061398046465607255,2.7053820186142272
1321,E1444_236,0.03368460414554233,0.0,1.7223533942355866,1.610024782488234,0.15244807146866998,0.0,0.02641335347027532
1322,E1554_154,0.0,1.4031643744737754,0.0,1.9516937792466689,0.0122967887284132,0.010478824444490146,1.9313082583747057
1323,E305_108,0.006647881726572382,1.0223893880018982,1.4147859742182725,0.0,0.0,1.0034147033644472,0.9190769839687216
1324,E1620_7,0.6950426573758859,0.6328275577066782,0.5720102078914561,0.0,0.7298771925648251,0.5881157045622605,0.0
1325,E85_241,0.023523729668296002,0.0043521153913205065,2.2768328007721608,0.0,0.0033625402939578795,0.0,0.0
1326,E464_457,0.0055752922324839894,0.009380631446244484,0.0,2.252484840516904,0.0033431900211490398,2.4158670336716668,2.6834005152930342
1327,E1530_442,0.027391008808403026,0.0009943218228089918,0.01877520553356224,1.5944839324943354,0.0,1.970274640480612,1.6274100433701555
1328,E362_346,0.152212111730367,1.6793196909552657,0.009757218396210708,2.139910616678184,0.02082688735436116,0.00709656766481808,0.0
1329,E713_90,0.0,0.22049943225283028,0.30469573326680777,1.9507718163383192,0.17665823489118293,1.9313195347005887,1.4120075001945045
1330,E653_215,0.0,0.0,1.943916145299536,1.8775296106803947,0.07745623339449068,0.0,0.0
1331,E1435_144,0.0,0.0,2.574094405233412,2.302823485632751,0.003715331374346653,0.033617403318675784,0.0
1332,E1421_308,2.024477794951224,2.2022586486138485,0.0,0.07790580254998354,1.6089086946318039,0.0,0.0
1333,E409_419,0.003515824487578331,0.0,1.456832663333126,2.3638629404270546,0.011956156183426195,0.06009152018943272,0.0
1334,E981_40,0.13893203421221018,1.1640837509269248,0.24777973120266145,1.6620820419976088,0.3158868331977467,0.9033045528018979,0.9085685768439488
1335,E812_114,0.07374458323908842,1.7338919136788336,0.0,0.0,0.3096392320080956,0.6199111547626707,0.0
1336,E1296_408,0.0,2.3759224488297757,0.011141310725193714,1.8249402286467544,0.0037824448491413287,0.0,2.007075132620721
1337,E42_340,0.0,0.04053088328195542,2.5350016323393514,2.302403196773592,0.009438232348540741,0.0,0.13088150379161942
1338,E641_81,0.03687877945359348,0.0,2.160010804141032,2.0553663622557496,1.4799411009628394,0.07226611496768973,0.12014385453280027
1339,E1318_317,0.021028499629474773,1.7536515384098974,0.0,0.0,0.0,0.0,2.0013549828178543
1340,E1588_239,1.5896883700113604,2.0087232022439254,0.011591405629428215,0.0915780640874176,1.574344420232356,0.0,2.3594297291810866
1341,E289_196,0.06746882358044567,0.0,1.998349214738008,1.7583960886679164,0.0,0.009922549171014379,0.007804583252453559
1342,E1981_233,0.0007505083282546397,0.015986867349118705,1.5925408933587757,2.2734119848983414,0.0,0.0,0.011072441858105115
1343,E258_335,0.022997773452642176,0.05840262438194459,0.009537601574150158,2.4710277365038658,0.05355546841287606,2.431658662553548,2.3357975264573425
1344,E320_354,0.0,0.0,1.6801770641962956,2.0104664695284717,0.0,0.0,7.375605587940473e-05
1345,E1151_24,0.17097466930812338,0.5984197828856713,0.8087773462166923,0.0,0.2135916469890572,1.0547263483969715,1.96042545933876
1346,E108_437,0.0,0.0002592756154681614,1.7958101395252013,1.876315871007756,0.0028020510205233554,0.11468658471169242,0.05371578906201187
1347,E1908_182,1.7861608928628694,1.9346069045432053,0.0,0.0,0.2900402217665734,0.0,2.1297786230700617
1348,E312_426,0.19159183662762747,0.0,0.004541350823875537,1.8019254416548327,0.0372441618675369,2.0665495733559958,2.2438130885296124
1349,E149_206,0.0,0.06517409591895884,0.1336884496407987,2.2958229586907364,0.05370094302519605,1.9836281398600344,1.8178358492206503
1350,E1779_285,0.03980933197563069,1.7336632057604398,0.0,1.8662321737076204,0.0025802925020420395,0.0,1.93916236379765
1351,E774_278,0.002622680144914053,0.0,1.3983883386310705,1.9310369093571969,0.0,0.0,0.0
1352,E486_15,0.591020138529917,1.0026615766501847,0.9057898305347336,1.4640471886488289,1.1191702616263135,1.1284812383117635,0.0
1353,E889_443,0.021288443911710184,2.0133845035137634,0.0,2.1280951621333917,0.009126755746553337,0.0,1.879310058669068
1354,E1356_216,0.04806061636232799,0.0020468873235501,0.0,2.2332007061527155,0.0,1.4846601596580018,1.7193457650948594
1355,E263_306,0.0006410145115861227,0.0,1.7580154577682197,2.2211028942701367,0.0,0.006395810348019929,0.0
1356,E918_376,0.0,0.0,0.006201410527598036,1.8719451962672704,0.0,2.0675808392878494,1.584087632576206
1357,E790_70,0.12946156455243155,0.7220166088462009,0.6861232194815107,1.046039707191587,0.4732860996842747,1.2416452865746397,1.7407422500383327
1358,E298_241,2.0660567876526112e-05,0.0,1.6457861050823812,2.3107493158383754,0.0005993300656183928,0.0,0.0
1359,E1473_377,2.367791874821457,2.0086816467438364,0.0,0.010716067080899795,0.15278363203723475,0.0,0.0
1360,E1496_22,0.2882680447078277,0.4787077405318878,0.3369018503512013,1.3924642149218147,0.4075760457179253,0.5098112392935575,0.0
1361,E1891_368,0.019298414276614845,1.9499171992203568,0.0,2.213316882918629,0.0,0.0,0.0
1362,E474_177,0.002097897655511942,0.0,0.0,2.0463687231208767,0.1154881620308573,2.2877939085309653,2.509964547827112
1363,E1282_359,0.009924060728082534,0.0,1.8646818379087773,2.2435285267521783,0.0,0.00014259834140871103,0.0
1364,E1792_94,0.0,2.031983624559821,0.03058993171294165,0.0,0.03483247642067836,0.36738873181032616,2.003987405122916
1365,E1105_461,0.0,0.02603649401166494,1.810025508890038,2.588901696103619,0.10926127136601604,0.045321666492792526,0.0
1366,E235_28,0.3758507351286591,0.8174383370427315,0.6560087297025772,0.0,1.2199905188196647,1.3655610394830902,1.743610237162528
1367,E1303_216,0.0014106498644303536,0.006933689240169871,2.2504506547533927,2.171126029394413,0.08907893050315628,0.010435040924153424,0.01993952931795349
1368,E1371_448,0.0009620631678996424,0.0,2.064202761112764,1.8631132955562482,0.1027801339152786,0.0024377435463976953,0.0
1369,E751_20,0.5224673427499987,0.876934617718067,1.4754664970470517,0.0,1.3528087700565092,0.5730326222909888,0.0
1370,E1866_126,0.001092740617894558,0.027540245885967738,0.09678777825531036,1.679947558091093,0.10788229040423944,1.7745198928553934,1.294486851649383
1371,E126_313,0.0,1.3115471776861638,0.0944924080373072,2.002669855990104,0.07126680556616719,0.00507711088283741,1.4820898762307981
1372,E1185_435,0.0,0.011507378293011657,1.870924739861645,0.0,0.01843901687187889,0.0,0.005073805807292768
1373,E1513_177,0.4647161988564063,1.929346480740694,0.0,0.0,0.5798985980900567,0.0,1.761168672164232
1374,E1290_260,0.15368877948739773,2.6364350094988134,0.001603404927650875,2.0087752187666803,0.03539258428089378,0.0,1.8980709066105983
1375,E1494_380,0.0,0.1551429733880267,1.9165680486468304,0.0,0.020984451030024137,0.20232054216893305,0.0
1376,E969_447,0.0,0.0,0.009373737492405452,1.9182507074329957,0.014259046500091048,1.8523697449088268,1.9657697474122915
1377,E945_161,0.010195062264972932,0.8153552256529273,0.15322070172160046,1.883980211245461,0.0975410298512133,0.8457095584015127,0.0
1378,E1243_198,0.0,0.0,0.0,2.021001632909866,0.06353762807425996,1.734651370049897,0.0
1379,E1434_345,0.004705588155195346,0.0,0.0,1.6643940432056608,0.01345718537377701,2.3703294264405503,2.025180430820592
1380,E632_442,2.3711859584745056,1.8988471854364684,0.0,0.0,0.008509012843261502,0.04445945186019063,1.7287821961399907
1381,E347_232,0.0372666407835579,0.0,1.7698513188746952,2.144960139345065,0.003892765356822441,0.0,0.08088183366354937
1382,E1887_236,0.03243814390948717,1.7024777226173318,0.19707303728974807,2.2408157702176354,0.02787585971480224,0.020883157827038208,1.6614381358666286
1383,E223_3,0.7003873756103071,0.8175935629279605,0.9608280125430944,0.0,0.9778322777398392,1.0539793463357303,0.0
1384,E1036_44,0.04144892269185865,1.0359069834812606,1.1993541628594522,1.771738370426576,0.0,1.2841931164315248,1.569035758073766
1385,E287_25,0.3453108376769905,0.5385597541365328,0.9592545442610594,0.0,0.33001434628669163,1.5001381590840617,0.0
1386,E895_52,1.3373154341976587,1.5489101382651853,0.20306265640235144,0.8082780977224359,0.8554524208059391,0.852235390040905,1.6498166430494068
1387,E1456_231,0.0,2.70163049500126,0.023996746017138373,2.2938105229759778,0.0,0.0,1.5091038411708533
1388,E90_139,0.21925245963120985,1.5454066380502778,0.02298933266575969,1.679356729989682,0.2841831537836513,0.0,1.6270676200989609
1389,E1822_169,0.0,0.5429339815278915,0.0,0.0,0.01381512015894448,1.5051065774971666,2.181037201400395
1390,E771_168,0.0,0.0,2.630768061907026,1.6071264890615025,0.01030497841840588,0.014937458503556178,0.031827432300458584
1391,E89_376,1.7051826115381985,2.1220224249755826,0.1399134109286314,0.0,2.0326560949750085,0.0,1.7189158950793335
1392,E460_371,0.0,0.05140064464623269,0.0,2.6396509477472967,0.0077556685605126045,1.743283147509364,1.9612096838228257
1393,E1630_213,0.0,0.0,0.0,2.2466303380973054,0.03042916547621864,2.283792680111594,2.2599863943705816
1394,E915_422,0.005511304670250445,1.7006063824579682,0.004435728470672942,1.9519949521701407,0.0,0.029105556659623395,2.159044964285413
1395,E1566_227,0.025967989708893684,2.0783847500740853,0.025632282906795367,1.961381150908578,0.11962421342792665,0.017494187418081283,1.8231281145932352
1396,E1377_490,0.025636983699175442,0.0014881184610770616,0.02288060614420356,2.256722753590916,0.0,2.394944678688041,1.8276064330844344
1397,E1964_91,0.0,0.3293072724564308,1.0104681876414077,2.6542758993829665,0.029953556181325638,0.2699655501961997,0.0
1398,E425_322,0.04028876356246748,0.4195367202628967,0.6504555363748791,1.8816122486455635,0.0,0.0,0.0
1399,E864_419,0.0,0.028709546644726937,0.0017086171507175176,2.517740180034832,0.0,1.7608848613766208,1.6524483974599435
1400,E1316_425,0.0,0.015073201332724918,0.016526927490950617,2.0530725267754257,0.0,1.5200245628946472,1.806527670991444
1401,E118_87,0.07458859871068756,0.3325556701697163,0.02394241659562645,1.985407913437472,0.06038454633821224,1.7203810651941942,0.0
1402,E498_368,0.15560580225551202,0.005245105234354771,0.02513607003769416,2.3642462626891554,0.0005764875962560965,1.555077111507434,1.7531374849760173
1403,E1627_12,0.3787432809746657,0.5962539945181424,0.6200536986115154,0.0,0.860662706448506,1.0564171489848917,1.2733024882916302
1404,E1097_311,0.0,0.019944173496402682,2.07659324343377,0.0,0.0,0.0,0.10312990508139784
1405,E122_1,0.8363843138344824,0.9136513836785588,0.9403290197483516,0.8954252751724109,0.8506344580509158,1.0129943528226903,1.06164389879611
1406,E39_138,0.0,0.0,0.00021633824155544297,2.021276377503039,0.01924731504361136,1.6552883831128162,1.9939642613286
1407,E1361_466,0.00988842525096165,2.277698539219293,0.0,2.035459934226057,0.07885471912242273,0.0,1.7186384120517106
1408,E251_250,0.012657385691703564,0.00501574455031162,0.0,2.2004615664009157,0.0,1.8738273100586769,1.9170238847460448
1409,E561_282,6.289503959719088e-05,0.0,0.0,2.2695643763644813,0.006246672237343185,1.5042573006009734,2.27655823814634
1410,E1012_251,2.205450766471816,1.2891511563684788,0.0,0.013557741297607487,0.0,0.1290658721460332,1.8401636670411128
1411,E2_221,0.006216091495609289,0.33421817446527,2.202294394481156,1.899989049108984,0.034867320741931766,0.3743856511185781,0.0
1412,E920_252,0.0,1.013676228387364,0.0,2.188954184862805,0.04209096755533935,0.7151729803695592,2.321160095703956
1413,E1805_429,0.003490881490170414,0.0,0.034860356667105,0.0,0.0,1.7583920074988055,1.8712973823523424
1414,E1989_198,0.0013131104133792836,0.08021867950724397,0.0,2.056905062068057,0.060123005760530014,1.169337626952141,1.7080349430819568
1415,E59_286,0.0,0.0,0.0,0.0,0.0,1.5336687041845525,2.452308793616662
1416,E1918_142,0.011940512721382914,0.020611933880369804,0.01104107339552596,1.978147395640988,0.8164852076406897,1.6606013126304109,2.4260478199006323
1417,E370_142,0.2607075531127605,0.1000503911542862,0.20548619904021032,1.9772980047695428,0.0,1.2271021970027172,1.7407992137002963
1418,E1142_81,1.0621577451477533,1.7254119542663624,0.0,0.0,0.6662996471250632,0.0,1.5346423862558465
1419,E1740_105,0.004559065880093039,0.5422357424346553,2.0276387121763912,0.0,0.31686856437416033,0.3905635810600624,0.4783422813395785
1420,E1556_207,0.0,0.0,0.13762772876803436,1.6562523749519436,0.0,2.33537650811293,2.1984204655814112
1421,E1110_80,0.0018248450019777926,0.2476155770611755,2.031433089851728,2.1155548616041764,0.01833333309024105,0.5101125361569179,0.0
1422,E1085_425,0.008843401822771014,0.05807677203200703,0.0,0.0,0.0,2.31203435831963,1.8573434430856453
1423,E1173_129,0.0016909156630284241,0.1009151683747592,2.126262073509701,0.0,0.017931228713762657,0.02998922307296228,0.0
1424,E1664_18,0.6379081372018234,0.6177604266073967,0.8724069247350981,0.9109998873625672,1.4571333010090617,0.4315914033356682,0.0
1425,E1468_327,0.04890713697135904,0.26378706630400034,1.8097467940852288,2.4966153233520973,0.054601189063071966,0.13160865992614554,0.0
1426,E884_258,0.010442084520502659,2.0635014969706726,0.0,1.9145804197005385,0.027345472072981103,0.06668262178156778,2.1076471938980648
1427,E171_44,0.10559254104061068,1.5653754635026569,1.2426891830490776,0.0,0.4130086333908956,0.0,0.8252772086619058
1428,E8_254,0.0,0.0,1.7003798659286693,2.1927892007649032,0.06361048151038166,0.0,0.0009723577218267859
1429,E528_229,2.192378063084821,2.592000697806212,0.004213573737653312,0.01597323785603861,0.0,0.0149174752630821,2.361578536087224
1430,E631_462,0.006761220000484024,0.0,1.984997485672472,1.8618085758953402,0.09853964354312536,0.01191162215791766,0.0
1431,E1621_298,0.00979907554918499,0.0,0.00858116699456362,2.1317158642558907,0.008107401436686855,2.2480949674162662,2.1100333609115802
1432,E1992_141,0.029046047302830905,0.458932253196441,2.2585453553595896,1.8150448043935803,0.0,0.37249865897996337,0.3544210179629145
1433,E129_145,0.0020012461558066947,0.1908373042542858,1.6947786514559395,0.0,0.038348912337860905,0.0,0.0
1434,E1483_114,0.044682256229817655,1.1575390689122416,1.1744781508276791,0.0,0.0,0.4549381852465574,1.6853686003514248
1435,E1564_217,0.043331617405900816,0.005888948658641163,2.037590577586878,2.076138261055894,0.03722789405275965,0.0,0.0
1436,E765_214,0.0009023394044483104,0.0,0.21486936939903545,2.5408259251052585,0.0,1.9049046421118323,1.811426905238956
1437,E773_100,0.07846842701451377,0.5595554234594795,1.4586118472808065,1.5871549354117438,0.02091510587968836,0.34129309339865804,0.5489538501419373
1438,E496_247,0.01823566570900017,0.0021866419167185444,1.3731137979503396,1.932017799927417,0.0,0.0,0.0
1439,E1727_119,1.2563348891391712,1.8705262638013989,0.029691712127668607,0.8300091390858539,0.055394170312949166,0.0,2.12965416443425
1440,E1906_268,0.0,0.12847679196985382,0.06505857014975759,2.177942246547325,0.15363884690649926,2.404912258095023,2.1931431354181274
1441,E1298_366,0.0,1.6628649146756107,0.037581356876621945,0.0,0.0,0.001559228987364613,1.9148428932877388
1442,E931_352,0.06269903641473834,0.013257142978599631,1.4843949716813882,2.133144113846385,0.005268821791399491,0.0,0.0057003614272485535
1443,E1086_150,0.0,0.03104114707279485,0.12973480048614836,0.0,0.017303497816162458,2.303176590080488,1.6441112078768991
1444,E846_46,0.6866706366372933,0.9708842164266762,0.14895656356625087,1.94641941460994,0.5545859505648002,0.5911440176845787,0.0
1445,E767_79,0.02285139402251888,0.7394741758710465,1.6912799483757537,1.9226668900106496,0.10845542168021788,0.4540899437354181,0.0
1446,E1999_489,0.07331594578516062,2.079491339403716,0.008675173152086504,2.1363091381724058,0.0,0.01740297613512028,1.893940219867559
1447,E504_211,0.0,0.0,1.8844048928245327,2.333874998181046,0.0073974219621306654,0.13464242490556955,0.016729192122386608
1448,E1832_40,0.23271971626373464,0.26319163889960706,1.6482002690360236,2.004492574586045,0.36547201054581385,0.3475261048964325,0.7303340260692699
1449,E412_291,0.04291730669653253,0.07677773900435231,0.0,2.2692526068480787,0.0,1.9309129637518807,1.8497633993162368
1450,E913_206,1.6535481118128998,2.0326660289308043,0.0,0.0021448368216528536,0.0402961562634945,0.023174058719432587,1.895531395403151
1451,E523_352,0.03128266620156142,0.0,0.0056839704105798965,1.8754304410156504,0.028660138374591762,1.8166642861621167,1.9268511073856047
1452,E1668_193,0.0,0.0,0.0,0.0,0.03744430602650664,1.9870267298310145,1.765486800905191
1453,E716_438,0.020360794244537173,0.042243087214343035,0.01446857438120055,1.966637978415101,0.095828085325337,1.9311461122215785,1.9157320666518056
1454,E1329_312,0.005981057329198075,0.0078286435118782,1.8673377993382845,1.8114143918710903,0.0008280028772326204,0.05244446362866106,0.06253784695142384
1455,E727_329,0.0,2.2179221526579704,0.1281240595122577,2.0607777735560404,0.0,0.007693880106188662,2.0550137989797683
1456,E16_428,0.0,0.0,1.92845868347727,2.321641778938525,0.0,0.0,0.0
1457,E686_85,1.2776004059809087,1.3768607546798477,0.05925033517906629,0.0,0.11034966899156093,0.023499864832502385,2.239294282647552
1458,E457_314,1.847694534483416,2.0911013173159163,0.0,0.0,0.15102266180596702,0.023086135665816257,2.0511977585742467
1459,E31_157,0.0,0.0,0.0,1.7202817665450043,0.0005682071030415356,1.67859467998963,1.7712895536559017
1460,E1452_414,0.04937411317883346,0.0,1.6361080268148982,2.1173809741744405,0.057208858949576974,0.0,0.0
1461,E1311_35,0.6108829393796389,0.7450043772527979,0.6055284605924274,1.658425450409979,0.6466644500534645,0.5105022133657225,1.5657646634173186
1462,E824_368,0.016719958757372363,0.04755598821246919,2.1886028066939978,0.0,0.0,0.003577033699313157,0.0
1463,E20_57,1.409583601814612,1.4823923946049655,0.0364843548945669,0.0,0.550870736141954,0.5612747097383254,1.9604869614870248
1464,E348_40,0.3186503768639096,0.6838502122434762,0.617302311728182,0.0,0.3552266924517478,0.7987628671779017,1.082474446668816
1465,E1229_346,0.08674374400546522,0.02097725614945652,0.0,2.253780473856813,0.0,2.2077821683341883,2.649663507679961
1466,E627_496,0.0,0.0,0.051493303315682776,0.0,0.06974442363134004,1.6436528264579082,1.5810231255251699
1467,E328_261,0.01299066630419492,0.08444505768750159,1.611705366003936,2.535693714351366,0.1344202422337102,0.0068291597681560045,0.020286531299682952
1468,E1378_39,0.2377557637611976,0.5009021406795271,1.5667058540345815,2.337967438093225,0.9199325792213806,0.9006220880760657,0.0
1469,E311_84,1.2889021900477682,1.8579896879206528,0.5849962448436062,1.5976853325541664,1.2243963707828731,1.0069189420910405,0.0
1470,E829_401,0.0,0.0012763449546771466,1.9795550289070905,2.3935154839603183,0.2137677371610166,0.006128468847174259,0.0
1471,E838_16,0.19566381697976776,0.4062132369019541,1.183554616201628,0.0,0.5891538979060403,1.1255547513832342,1.5100814878394706
1472,E1284_266,0.003884951765394607,1.986271214571939,0.05415384268191878,2.2163390141907766,0.0,0.10409916876408916,2.5081255983935247
1473,E1878_492,0.008165957985593594,0.0,2.079301587926686,2.0608649446029235,0.049253924740294316,0.0,0.012919112967075184
1474,E401_135,1.5436448587173577,1.7738896249790577,0.0,0.4106980509635749,1.4706097605136068,0.03246354772097168,2.8312599382050907
1475,E1885_397,1.2915775655769541,1.8842810100727865,0.01851217056767657,0.0,0.03347472557433582,0.0,2.1777085435813524
1476,E1927_20,0.3787665556632765,1.0198221563592944,1.4059694257274726,1.38432078973545,0.2981472746137666,0.3805371517336488,1.0811257935814067
1477,E133_475,0.1401785481225297,0.0,2.3942014011069173,1.7621814718235298,0.09150030186383153,0.0,0.0
1478,E1961_83,0.0,0.6597572868982164,1.0481347463483772,2.233407393201462,0.044577488943223775,1.4521629516511347,0.7436315068170901
1479,E280_162,1.2431583637319237,1.8509851244227231,0.0,0.0,0.06463406952228297,0.6951573905241877,1.6305794627830084
1480,E1683_398,1.8227055156093048,1.8506767256204475,0.0,0.01505590666495574,1.1024010058807288,0.13435714541993574,1.816384250719276
1481,E1884_263,0.026176293313723863,0.0,0.005172757924861826,2.130721956615386,0.0,2.067621452970982,0.0
1482,E1028_386,0.007579622088200126,0.02110287234416244,0.0,1.8863317470669383,0.008268571944445725,1.7351509253255648,2.588317443222524
1483,E1249_441,0.024976617579467758,0.0,1.8911858032407358,1.6349326183163857,0.0,0.03859360591450165,0.0
1484,E710_440,0.0,0.0,0.11394487015157627,2.108598352157708,0.0,1.6886753986771932,2.0284728919275627
1485,E760_25,0.4420290515497775,0.7187080914775279,0.6836278932210815,1.077470973684395,0.7350211667528121,0.6458393829687104,1.5071794132885459
1486,E736_275,0.035551902869991464,2.0695211294363105,0.05418877700305416,2.167890437749585,0.003684577160810575,0.05285617221599522,2.4331245557954064
1487,E1602_443,0.02256368467338196,0.001007997659515837,0.0,1.4850612534649017,0.001227833015830309,2.163755629887536,1.5530627588672057
1488,E1090_392,0.026200472996830024,0.026063911386671832,0.0019396699372130441,2.0811425109860133,0.006446372763046122,2.010076223348636,1.9202119255954184
1489,E1002_197,1.770780384860388,1.8211820570787107,0.0,0.0,1.817710474386253,0.0,2.128651686716578
1490,E270_266,0.0026832680930599746,1.4132978535256642,0.0,1.8323805823001056,0.0,0.0,2.028856984965349
1491,E102_43,0.8529758786896141,1.0125117323848871,0.8546334116606061,1.4918985139415142,0.913210245844028,1.5484726042987274,1.9383066702786984
1492,E1412_163,0.07965765250365905,0.911390114709096,0.03944103644654938,2.01741868201603,0.22317348364896847,1.7535366542645048,2.0804715855269587
1493,E1669_82,0.0,1.3667966739252262,0.27504671928962265,1.6341912768785756,0.04861303443356674,1.7095142408090302,2.0613590218544475
1494,E1637_264,0.06753365329162378,0.012525431306912652,0.0,1.877883690953996,0.0,2.0716801284019857,0.0
1495,E1858_95,0.011541429075976734,0.0,1.5152497708065091,2.306799513293309,0.0,0.2563829886469685,0.31604780660746434
1496,E818_430,0.0,0.0,0.0015486195384724962,2.0539875674756702,0.04784124333609501,1.9018551243202648,1.8891687487836488
1497,E336_112,0.18274262700009467,2.1808440509612983,0.2022388854954481,2.299599938487229,0.4248316768607572,0.0,1.8999854506599576
1498,E1635_265,0.01732844272088679,1.7037691244845576,0.022826155511023242,1.9255894042930195,0.013309474029848152,0.0,2.0792963198501813
1499,E314_123,0.0430895520213899,0.9892225665313548,0.22875930528404664,2.040566268199098,0.04757892038154005,0.032699122765910894,0.0
1500,E1289_106,0.0,0.0,1.5866004507997216,1.9148089807138529,0.32871208848304245,1.427102755395973,1.6466892537089577
1501,E1733_185,0.01642716153567469,1.9535369727967369,0.0,2.029789557727548,0.0,0.0,2.172696168153489
1502,E578_50,0.3530435928516286,1.0915755279586503,0.2290548244819129,1.5796901678481965,0.3978975724418489,1.64042837739721,0.0
1503,E1056_474,0.0,2.077177482518661,0.0,0.0,0.0,0.0004990183931729115,2.1763531386872352
1504,E361_400,1.7534917099322085,1.5858256188271107,0.0,0.08118464101422915,2.4699411965590716,0.0,2.308265807848127
1505,E1451_418,0.07206136451051309,0.3210688814997608,2.04022884474515,2.0130716316681547,0.009368077570819712,0.013231668363386136,0.0
1506,E1118_474,0.0,0.0,0.006199997494747429,0.0,0.020692591223254137,1.8599160574140312,2.9290802826339046
1507,E1613_406,0.0,0.0010209138926114284,0.09944405864461024,0.0,0.0069892450721747105,1.9219826111159568,2.3290996998137885
1508,E630_337,0.006857613091286617,0.0,2.078950232153586,1.9959565207763887,0.0,0.0,0.0
1509,E1279_383,0.013259007038721723,0.0,2.229364933311604,2.392086331336536,0.0,0.025993441795654257,0.0
1510,E1099_53,0.0,0.0,2.096976168958363,1.743061714726035,0.5951553902434219,0.0,0.2471310990481604
1511,E462_411,0.0,0.062330040186190386,0.0,2.2042725878034397,0.05452739828505347,1.7383099582129686,2.380620780062146
1512,E1169_234,0.0,0.0,1.7536226129941417,0.0,0.0,0.0,0.0
1513,E1101_194,0.07196060550163537,0.06687292790756967,0.0,1.6711770504821293,0.011815975952878126,1.3785088159502403,0.0
1514,E827_447,0.025645206107711004,0.0,0.019480578121518384,2.327070115529489,0.0,1.6654037737928609,1.7758226708161704
1515,E1198_249,0.0015154431734966205,0.0,0.0,2.409315877486397,0.0034351485660669037,1.570930033090029,2.3525993326315757
1516,E973_118,0.02324924232903664,0.18756642722191444,0.0,1.8297931178080844,0.0,1.7029292320467608,2.2532084468154068
1517,E1837_412,0.08576527924867562,1.9584499890143081,0.010359644618349416,2.7096303045889707,0.0,0.0,2.091378265337579
1518,E1439_105,0.0,0.0,0.0,2.2261284910956403,0.010857276282220706,1.7174974353512338,2.1261250924494544
1519,E358_141,0.0012273608212231286,0.0,0.32742904763692626,0.0,0.11183748957323476,1.5604976430006317,1.895250172259044
1520,E1507_431,0.0,0.0,0.00542718701906966,0.0,0.0035710074855327687,2.236745749081414,1.9351287368401835
1521,E1786_10,1.0493106620670842,0.9250521311005102,0.7993279368129822,1.108957297756812,0.6006721677144697,0.9369638674178222,1.5406444085532025
1522,E656_112,0.3134026322835177,0.3765678149044505,0.3690930142654564,1.901153259019585,0.04352004534255857,1.5581575431518933,1.5074473486399542
1523,E58_217,0.0007314641264575952,0.0007817108667629992,0.14208521977316035,2.098126124962517,0.0452840010064233,2.3582411364256335,0.0
1524,E1466_308,0.0,0.0,0.0,1.9830633251076173,0.0,1.7044245401422975,1.983913124049088
1525,E563_435,0.0,1.303158509672927,0.0,0.0,0.006152770122223296,0.0,1.828182450551413
1526,E700_391,0.04781259092070826,1.3091909903934429,0.0,2.068535804453152,0.060392172140479664,0.0,2.210667659512076
1527,E1126_360,1.7767332550588235,1.6258046518508495,0.014683151447299106,0.004537896596794039,0.9990405575370828,0.0,0.0
1528,E413_4,0.6968519078863843,0.7117576442688929,0.7735724118573711,0.0,0.921529355036547,1.0677843094507729,0.0
1529,E1854_140,0.3454840581692712,0.17604648129775605,0.0,0.0,0.0,0.6882806629260129,2.0876287274436205
1530,E67_433,0.0,0.02121184970244486,1.7535873942812974,2.3557326158818195,0.00105584878085474,0.0054014626284951284,0.0
1531,E1343_442,0.012687711668882577,0.0,0.031180947592140417,2.7102920806418043,0.0,1.7817281140493242,0.0
1532,E811_110,0.015796056279400974,1.2447378426628584,0.19359430152707893,2.0207056170264357,0.0,1.3913321213836385,1.7695341563310043
1533,E1523_95,0.00543465922285899,1.2009547863191743,0.2061282465192769,2.7656282523392943,0.0556614544039389,0.5938861722065345,2.432292890387709
1534,E562_13,0.8966390937926706,0.2302703352553097,0.9172525636073421,0.0,0.467333406693265,1.3063962190152851,0.0
1535,E720_344,0.006596971238506786,0.03132469863704167,0.016072767748877642,2.1426947711444964,0.014664837169536931,1.8780417870853283,2.5595082518314927
1536,E1160_140,0.18258984420878765,1.8628189575093987,0.0392522060011001,0.0,0.0,0.2944541622649479,0.0
1537,E1255_145,0.0,0.0828601983862349,0.02190547740471473,0.0,0.5408415950135791,1.401392914988322,2.059255149331656
1538,E512_53,0.6611683323063609,1.752581331887489,0.5119680360261587,0.0,1.0067608156998331,1.2857262251413908,1.6671481403417463
1539,E1677_205,0.05281469661333759,0.003539723805157486,0.0,2.135742601794414,0.007328357894366371,1.9580712333891683,2.19938493179272
1540,E1904_402,1.9352133085358565,2.191465406602677,0.0,0.0,0.004596266426139043,0.0,1.71216194879347
1541,E585_366,0.0,0.0,2.178463522887592,1.8985015103417584,0.01991704240450115,0.0,0.0
1542,E1116_445,0.0005891393314300232,0.002949753165068387,1.7193558542854954,2.262661100006668,0.0,0.0,0.007785408768177137
1543,E661_135,0.191648895013702,1.742873070170419,0.26344195643379315,1.293614168724417,0.4954690093716771,0.7400872203856693,0.0
1544,E1515_306,0.0,0.0017608404580897496,1.8066592414292604,2.2526373536959943,0.0,0.0,0.03512430692970555
1545,E1893_330,2.025245236158268,1.2546800706737185,0.0,0.010697650743364831,0.02113395869113995,0.02743854721673317,1.4284956575475638
1546,E1077_159,0.017690000165431298,0.31974068099712377,2.034227370985503,2.01509001357624,0.1819979236388372,0.0,0.0
1547,E98_287,0.0,0.0,2.3179531434723,2.2052986511903443,0.11036899315513304,0.004154453499517391,0.03274842707380565
1548,E1768_161,0.0,0.6305563063906968,1.7987365711047003,2.205396138143369,0.0,0.6242402244035611,0.5733314581969918
1549,E454_124,0.01173288272437749,1.3456441796349603,0.0,2.1881267091304704,0.0,0.3471046540589772,2.618329564230169
1550,E219_247,0.0,2.218886395953927,0.0,2.241035972753852,0.018495687731956992,0.0,2.4247408160281183
1551,E75_374,0.021021095574683298,0.002313126063870203,0.0,2.3889192666305643,0.0,2.888229033171588,2.23580713946304
1552,E340_28,0.14810024369809766,0.5663364381783297,0.7476974267006351,0.0,0.9268960018394696,0.05942106039762296,0.0
1553,E608_470,0.0,1.8763325447982724,0.041460390863025366,1.78676319996929,0.029598326142350993,0.0,1.9759550748633719
1554,E900_372,2.184626451047193,1.8162005142215056,0.0,0.003089862374522236,2.009968131320954,0.0,1.5385335046287332
1555,E1397_190,0.0,0.0029295610004722358,2.5358261384352203,2.242204748836089,0.031115849217781613,0.0,0.040251642547240805
1556,E874_362,0.0,0.017730564257738085,2.0841193087593166,1.6140347910739183,0.04773855810684928,0.017883657803149804,0.0
1557,E704_346,0.04815623134430293,0.0,2.2946657975502966,0.0,0.0019733161166079053,0.0049071806411728975,0.007160666603673538
1558,E1576_357,0.010614145960162743,0.0,0.0,2.102965250371255,0.04990463998597354,2.0956763075325453,2.543054840037889
1559,E77_180,0.0,0.01911986932285229,0.0037453445247774436,1.8856994593072045,0.05165418312189324,1.9544461007389717,1.684778998253568
1560,E86_84,0.07030955124927432,1.33543265807435,1.3287357540402882,0.0,0.19201036600688587,0.6311644355626185,0.0
1561,E1777_73,0.33050326243085826,1.2064301714460859,0.27174591704005663,2.170319179838602,0.230489292949918,1.1151307416963898,0.0
1562,E404_4,0.944173933576092,0.7157138758906689,0.7763575599600328,0.0,0.9105586597428303,0.6488316260376084,0.0
1563,E423_374,0.0,0.2798218109641569,0.0,2.458446041230852,0.09548790555334874,1.9558336255148148,1.9597687430940385
1564,E1250_124,0.038911145910299136,0.0,1.7768635831054964,1.4290651186071708,0.5246163789969749,0.2211772740013808,0.0
1565,E1386_357,0.001714115987716335,0.0,1.8130659343138995,1.5974126187492168,0.005410384566901082,0.0,0.10341029552857993
1566,E1611_323,0.030287208181771736,0.00616873648222209,1.9855196554088816,2.312272100554116,0.0,0.041880766516870505,0.0006806098649234602
1567,E1216_46,1.4095118623031324,1.3722687150662254,0.17520018790586744,0.0,1.249949530378279,0.2250320856815296,2.1498479690729844
1568,E914_456,0.015233679146440509,0.0,0.10667695625003948,1.924061182107488,0.0,2.245628547321484,1.876195885563693
1569,E625_233,0.0,0.2760310260108668,0.323098934229993,2.292724065610876,0.0,2.3119028396403256,0.0
1570,E1139_177,2.2372398196801333,2.272407908905623,0.0111844423384613,0.0049815442603098215,0.938702506558876,0.0,1.9703724769725235
1571,E994_333,0.1816212363190246,0.004861036976353879,0.0,0.0,0.0,1.8483646344215243,2.371193132641207
1572,E1628_79,0.055256696747269816,0.563161810313922,1.0039908712871053,1.8991476861392518,0.011417091992033895,0.6404757016910944,0.8241288107374422
1573,E1584_321,0.0019326079965833593,0.0,0.0,0.0,0.0,1.5372160997835709,0.0
1574,E140_72,0.06931073931705088,0.6376124718641765,1.1565066178687762,0.0,0.20379922207350606,0.6228292025121073,0.0
1575,E421_16,0.4568565814693293,0.6028810767813709,0.9161229230870648,2.131471064347623,0.9272743693653692,0.6747613394938786,0.0
1576,E638_209,1.440751599833084,2.2344727206384345,0.0016692500010666866,0.0,0.0,0.0,0.0
1577,E1240_466,0.0,0.0028327341817114787,1.705110549922267,2.0009778632196595,0.022010476364540787,0.01573707437255706,0.025979518841941256
1578,E1715_55,0.006659856973858392,0.0,0.6492875238626965,1.1527710734569538,0.7067342713548391,0.4558690836239403,0.5051322655166773
1579,E1549_301,0.004906566747408832,0.12422501824269548,1.9840800996441281,1.7056482135313362,0.05004324007564652,0.02676417644567828,0.0
1580,E1489_8,0.6532981639868393,0.8555721568468393,1.248224797669464,1.370702115436333,0.8588593951356149,1.201175955349088,1.253484047976722
1581,E1897_122,0.06590191767279703,0.21755843099280234,1.3052903563596616,0.0,0.06654480307098867,0.1173317512282296,0.0
1582,E1517_199,0.0,0.0038507798718193037,0.030766479831527263,1.685277350252555,0.00987405449035114,1.7559762115094657,1.6728824437413836
1583,E417_329,1.7265577087321178,1.6145921506847023,0.0272675578726098,0.012172083185813242,0.0,0.0,2.105248762848497
1584,E651_144,1.3238842467518386,1.1993607288163917,0.013334880794595622,0.0,1.8734220520703844,0.23705535680950696,1.6436547553882324
1585,E167_358,0.010799787338260362,0.0,2.189490889199461,0.0,0.05435882390188772,0.010783462437113173,0.0046879119440972755
1586,E1333_328,0.029435310146799475,1.7989822067924044,0.0,2.563460851321945,0.0,0.01690093081798655,1.9566730131879229
1587,E1546_298,0.10340850144299872,0.0,0.0648437018342482,1.5103421599930609,0.045387718367188655,1.8915100665088591,2.0918545544798226
1588,E46_210,0.017990088799619587,0.2414042271898055,1.2274202760321646,1.6471308664035391,0.0,1.3188388503988917,0.0
1589,E737_179,0.10295143571483993,1.9668613479453063,0.007213479029575714,1.9152671841522144,0.002065679382964175,0.0,2.088220311600897
1590,E1131_498,0.0,0.010368229466591477,1.81932412816387,1.8619207178585784,0.0,0.0,0.028722594345160637
1591,E169_205,0.021066364338087992,0.13564198168929584,0.07277072637072549,0.0,0.015969854524511256,2.500285110895624,2.133682838007444
1592,E1103_385,0.009326319960684505,2.408429979355003,0.013243608019967741,2.310176193144489,0.002708895472571547,0.0,1.6591335363182833
1593,E267_96,0.17589707240033906,0.4146280807512723,0.03149262739716697,0.7613318198876748,0.283358241340636,1.2218457187250626,2.0346074761257773
1594,E975_335,0.008225291587049845,1.7316761653195119,0.0,1.5599645343379551,0.04455452475100402,0.001897624018659036,1.9038339194668348
1595,E177_113,0.0,0.0,1.6835097183024716,1.911721000410324,0.17981054848062916,0.353135289861688,0.12146268525426232
1596,E599_49,0.4752408581679979,1.1229659819451001,1.2707981195959,1.5921454207672208,0.3738327691027756,0.08561334671806375,0.0
1597,E378_167,1.6063020666543966,1.9458495050195608,0.0,0.0,0.0,0.0,1.6154223683305404
1598,E1366_46,0.1977083581285813,0.37423976918249896,1.267487352561304,1.7069942795899145,0.5924570350812581,1.0797861593228322,0.0
1599,E1923_424,0.0,0.0004577620784545528,1.961424397217281,2.254161320982845,0.0,0.11394587946288462,0.002728847572701621
1600,E1449_199,0.022603840526954272,0.2338696937224173,0.0,2.4199816845034974,0.026193466789105467,1.8861839252792447,2.3176014475390803
1601,E452_277,0.0064244931191000795,0.008175603262206722,1.5589828967297992,1.394391130189833,0.0763706636050843,0.0,0.01902061151634615
1602,E10_268,0.0,0.0,1.7874263413941245,0.0,0.00244721713333124,0.0,0.0
1603,E922_230,0.0,0.0,0.0,2.3445252398633434,0.13299832986543048,1.9832625639483088,1.804670656258144
1604,E1711_333,0.0,2.3428794734407044,0.0,1.6224050335718982,0.0,0.0,2.038040303839582
1605,E1785_287,2.1016532879199223,1.9322644930936312,0.005816248992322786,0.043534525961576885,1.9845686435129384,0.0029151648421819353,1.9342460856674293
1606,E1021_247,0.0011946012867664812,2.0613635518990763,0.0,1.7138802364117198,0.002139001152751842,0.0,1.6303247456495842
1607,E1980_425,0.022988151891661826,2.152432966971011,0.0013472940015411116,2.069291343663965,0.002009421235882323,0.0,1.7237821379794995
1608,E798_345,0.010826790836648859,1.6041650359929214,0.0,2.2736651724806385,0.02938865427439763,0.010787332545943041,1.4853158285201646
1609,E935_265,0.12705878380398772,2.397660208486022,0.0,1.8964597783053083,0.0,0.0,1.7886516798054604
1610,E325_361,0.012339153515027741,1.833570159837492,0.003051133474201613,2.1344112958589565,0.016089908607887258,0.0516034276972742,2.750072608695095
1611,E441_322,0.05652925851870647,1.7016012190171217,0.0,1.9256680284585987,0.05995670462660103,0.0,1.8953069730713217
1612,E615_52,0.05228960202698457,0.2966866091653957,1.5115047069657188,1.7020965508589667,0.3222405547249292,0.2637563797403789,0.37158291618331857
1613,E803_3,0.8065821591823029,0.6811150493005411,0.8560057249742741,1.0121955319967373,0.7830213970260128,0.8025672719924073,1.0296463405314862
1614,E1724_276,0.0878829033736335,0.0,0.0,2.2975607240709732,0.07090622233297338,2.427709069358184,1.7722682265244196
1615,E1465_482,0.026551600692462943,0.0029808284837085394,2.3455241036633105,0.0,0.007054383322063284,0.0,0.0030514642475438602
1616,E1113_366,0.0,0.031719887350285886,0.018291320231314426,1.8034127476432245,0.07118865831506363,2.0100875794300705,1.8817510736403844
1617,E350_480,0.0,0.0,0.012710728533591705,2.5450025538777488,0.038347392371911385,2.233389809588493,1.8939527574038475
1618,E739_323,0.0,1.193849811437373,0.18442569490717708,2.3598776141015176,0.0,1.2835709614613018,1.9496498908448825
1619,E1960_150,0.0007610122119793034,0.03599460141524724,0.4605202010129725,1.852498467669715,0.0021205066994539087,0.7120741227879109,0.0
1620,E778_248,0.0,0.04874384665099323,0.0037699449204766436,1.886228590038908,0.044947401514120015,1.6123713972504163,2.0213391742555333
1621,E1027_415,0.005093917027694812,0.008373586322020909,0.010252649059466915,0.0,0.002409818809348282,2.0960991114837,2.2827481960835487
1622,E1044_332,0.025563701736332045,1.383966162787687,0.0,1.6511368550160228,0.0015623963773329552,0.12072437700473798,2.152646329090829
1623,E882_367,0.06376969689153111,0.0,0.0,1.9590183545422115,0.09782530530853836,1.6028031322248129,2.126860659063596
1624,E1492_122,0.0,0.9067925807543272,0.0,0.0,0.007857681395675824,1.0285534534108465,0.0
1625,E283_189,0.06718221910044328,1.5917366177648675,0.011101798335593736,2.1029732255702207,0.017589665492093252,0.0,2.0053063421706843
1626,E1534_475,0.04763872951350595,0.10138144243812652,0.01650022019464769,1.9687613075519281,0.0,2.0563087611620747,2.0930630491656537
1627,E349_480,0.012855163212765402,0.2278947819323195,2.04768894817236,2.161899684288032,0.01963867530047049,0.008145025173920621,0.0
1628,E285_412,0.0,2.162746035774105,0.0,0.0,0.0,0.0,1.974871199847239
1629,E1283_326,0.005330129401324686,2.223077754706924,0.03836081177398012,0.0,0.0,0.002555656632439161,1.7928750644891425
1630,E856_115,0.0980229774267567,0.3773336449495388,1.5847502975963943,1.2121193732943891,0.9591480851664922,0.3600755141090852,0.4193101496335676
1631,E1840_449,0.05693278343034891,2.545674946152596,0.007256469454332631,0.0,0.0943321391972091,0.0,2.0974935981003213
1632,E1622_307,0.03496527967310697,0.03007919461694626,0.0,2.0709565031734094,0.0034635392873328874,1.439576358700715,1.8053463212503669
1633,E443_369,0.0,2.110139412055954,0.0619793679952154,1.945267732694126,0.0,0.004148155591044959,1.7053063651803968
1634,E111_98,0.0,0.006140158673730335,0.0,0.0,0.3587153783961541,1.7583796045667346,2.4441150104389417
1635,E1910_379,0.0,0.002288994258388291,0.0006640896720321492,1.7201045258699796,0.00840045433367335,2.3992416597429043,1.7932867221784266
1636,E1179_193,0.011390275307023386,0.006267619820062362,1.7723913583447406,0.0,0.0,0.02099519451706924,0.007436017840230413
1637,E1717_88,0.01102132385508091,0.2223222129695096,0.7495899299913896,2.216795566894437,0.07675808728049167,1.1195369717595125,2.0299164163950927
1638,E40_362,0.043607827436668765,0.010386661779332763,1.8331399694379769,2.0492138147869405,0.0,0.0,0.024480758833080308
1639,E212_94,1.6248067390566898,2.2241751690531792,0.05319415354724781,0.0796857256913884,1.5276628757738446,0.0,1.9896361911946527
1640,E601_188,0.0,0.08199538277112503,1.7897888026867137,1.8634949891728358,0.0,0.0,0.0
1641,E1691_59,0.08985052991853923,0.888369993058746,0.9673254263654232,0.8404166914364513,0.6117139281153965,0.6390079974761228,0.0
1642,E66_285,0.0,0.012858924288527687,2.212050150836959,1.8806379971377776,0.07065106393650163,0.03430177324991133,0.0
1643,E1117_314,0.022706026263541644,0.05529630455602171,1.2736563870411333,0.0,0.051212029561581135,0.17388584502331558,0.0
1644,E754_121,0.059935963926705686,0.03542306127351528,0.0,1.5430243609536332,0.11469448864686975,1.9433008606379432,2.097311775717491
1645,E403_302,0.012623537399094695,0.0,0.14167273644421385,0.0,0.08233756022856367,1.800109232640733,1.3992502073187765
1646,E626_293,0.004524639600761481,1.7749095497764484,0.0,2.0138022958845374,0.0076642111572814845,0.05022714805776028,1.8295400481784123
1647,E1548_486,0.0,1.8906383915743337,0.000927462093631884,2.2081475163279083,0.0,0.08305593675821116,2.051901227318076
1648,E1868_316,0.0,0.0,2.009877778287156,0.0,0.0,0.0,0.0
1649,E1212_149,0.0013242469180102074,0.0,0.0,2.6534003354276945,0.05869154500529054,2.2268069210171952,1.7829207758817396
1650,E1919_459,0.01085676171640101,0.0046714194347820285,1.6900406146893667,0.0,0.0,0.0,0.031321256529012007
1651,E974_66,0.043186929510558206,1.3471560200071906,1.3333577329691189,1.5911509106320196,0.2048041121754481,0.3683149043973332,0.0
1652,E1083_460,0.0173906580386724,0.0,0.009620661379305659,0.0,0.044814124201461435,2.0147863776019843,1.7002668675334496
1653,E329_352,0.00883890464111349,0.008634781994897013,2.112405059051734,2.03050358598756,0.13970837920931375,0.0,0.03127618999188557
1654,E740_410,2.371087749399007,2.4568991522866144,0.041677273592991726,0.0,0.07337627457027274,0.0015105690447197154,1.8094901230239016
1655,E218_12,0.5071704732613027,0.5925196763914649,0.6313626872574237,0.0,1.3278346364307825,0.7156537256512246,0.0
1656,E1460_363,0.018479700713836443,0.012178514608741305,2.2558213032864685,2.0104429620741886,0.03734003655607935,0.0647816995662084,0.021371771687154126
1657,E858_28,0.5364763632430118,0.658141596245367,0.9877647286260459,1.4416213818882897,0.2373335809397013,0.8035687263798396,0.0
1658,E1674_296,0.06836273377012968,0.0,1.7191275521979008,1.6077108570995766,0.0167499823716405,0.021250296892202827,0.0728719241106207
1659,E817_96,0.18224667518168208,0.8207343816168444,0.17443696995142444,0.0,0.3961356736323403,1.1146230529200851,1.9660070052399528
1660,E1700_462,0.003163270932545596,1.5073777276588691,0.0042834346385148105,1.8680624325652968,0.0,0.0057739409441205074,0.0
1661,E743_65,0.0,1.7887271918188552,0.13658003451877007,2.41396491139554,0.0,0.19800556545383846,1.7944100257135145
1662,E1839_30,1.1583153165715356,1.5548171226909586,0.4038892815214751,0.8499541371069433,0.7920134895534762,1.617587149860258,1.91846668170088
1663,E1845_131,0.0,0.010820439770470112,1.3485858486005498,2.219192955637787,0.0711185815157726,1.6684817071590041,1.1295340303803247
1664,E178_297,0.022957628203204683,1.766352534881731,0.013978063661308463,0.0,0.01899510200866911,0.0,1.8497619000780559
1665,E1979_490,0.058599095450419275,0.0,0.0,0.0,0.004747793774321769,2.049821959201304,1.7434282702054111
1666,E488_305,0.051925839616481166,2.133038008915551,0.0,1.5212513867680797,0.011953855111702856,0.0016861679690694065,1.5305854622223731
1667,E221_414,0.0,2.071725842499272,0.13746642229700934,2.2884261007670283,0.0495257527469176,0.1530929671069048,1.7015629024365566
1668,E261_322,0.0,0.0,0.013739562777119893,2.0438892399003885,0.0,1.7625233729132763,1.750673975854428
1669,E1531_241,0.0,0.0,0.04731593783767077,2.023513219480226,0.041100288932536734,2.3179332745237025,1.88540276184147
1670,E1982_498,2.381024345570007,2.0549410709086597,0.07223250704103426,0.03873765271202316,0.0,0.0,2.591725000344129
1671,E14_151,0.724340797752955,2.219047322499369,0.05428167302539155,0.0,0.492991864632445,0.16186384125845424,1.9045015723502725
1672,E323_112,0.10497545803232453,1.8803560527222425,0.01492582832433799,1.880177421825356,0.1526777262785489,0.7848437595820614,0.0
1673,E1600_49,0.0,0.2452268103249699,1.0895770410330747,2.1180034108499006,0.05328720955172238,0.5520416986017128,2.0313946311312976
1674,E1609_278,0.03386992589603122,2.085250860211689,0.001044835340397792,1.850414806553046,0.0,0.4254347433792853,1.7439054043932445
1675,E1831_159,0.04336835059464037,0.0,0.00462182965573554,1.852672876366208,0.029638860430450144,2.4490738702988253,2.5171743112093434
1676,E1374_96,0.06743315044489932,1.7754699668450546,0.50071932871879,2.429620236649676,0.009777290516895886,0.0,1.81885985068566
1677,E763_9,0.8714089664797641,0.9446121523705212,0.7527282159278981,1.0205875614169486,0.9286765616917692,1.0680647257667155,1.2178575165168308
1678,E338_460,0.0,0.040408623214384605,0.0,2.311111215848007,0.0,1.67146632809669,0.0
1679,E587_28,0.3865913804731982,0.37406876322042987,0.940345854652742,1.94781680570772,0.3939955748959516,0.23604352333388925,1.0418135233693802
1680,E996_13,0.7848615574950176,0.8630743901610753,0.9339159284941104,1.3733400244375238,0.8033110322768996,0.5632908021603888,0.0
1681,E330_350,0.2421931991284759,0.020514542097207,2.451729932801072,1.2446908860738128,0.015432783396779632,0.0,0.0
1682,E544_76,0.06429009034187412,1.5009737036193789,0.3853216931698813,2.081646794953884,0.33902723742790863,0.6865393649871152,2.194683703207504
1683,E725_398,0.002135030804033087,0.0,2.547692395265392,1.9217118673992024,0.0,0.005548620794397143,0.00036227597150301043
1684,E1610_134,0.0,1.6766199483935875,0.030015679455056187,1.58165272132411,0.05825047413038013,0.0,1.3965345471315351
1685,E91_24,0.2325498739410862,0.31872416886166216,0.9803777628313878,0.0,0.3864639227217173,0.35657146435534925,0.7217111868995693
1686,E1596_214,0.2442566767829561,1.7860617620486872,0.0433039027149376,2.1912864189394456,0.3407676112728473,0.0,1.3312216727430228
1687,E1890_147,0.054110523856372085,0.21833455306922794,2.2000036174658675,0.0,0.2179043505597409,0.0,0.26676753337952497
1688,E1207_348,0.03503722552641639,0.0,0.005645914170247322,2.144989458145611,0.0,1.6071202348803786,2.2680881958526045
1689,E732_167,0.0,0.0,0.0,2.2212424867494005,0.2742822751223927,1.4630847932711013,1.88180072656964
1690,E951_59,0.9584081671847406,0.8960488309294588,0.6887634225925194,1.643917083729014,0.9882061937829932,1.864573194396537,1.92089871630934
1691,E139_83,1.0429884179418392,1.3840925111308229,0.008123837284617054,0.0,0.2628184919675906,0.4035417069583981,2.7374113411239507
1692,E342_98,1.8397337222632275,1.7067576692852653,0.00327108548911143,0.0,1.4865157552273895,0.0259333810137593,1.7656517599440151
1693,E264_142,0.0,0.0035851619915143983,0.004521279383969629,2.2142810040995484,0.016256397936718854,2.0395357266963883,2.0268276804094643
1694,E1042_164,0.0,0.5947916955474205,0.0,0.0,0.1151909598833544,1.7670468933718853,1.6703313312171322
1695,E1616_220,0.029848682788375575,0.0,0.02133491336032215,1.4664260500567403,0.0099070085802497,1.7463851995346216,1.955561145307217
1696,E369_414,0.08563622112903901,1.9915862700813256,0.02645639803226811,1.8640561996692733,0.20739296692446507,0.009515778678767012,2.212263224367841
1697,E885_276,0.0007105499967593361,0.0032289739980402533,1.5278856868316366,0.0,0.045201987219854335,0.029934036541344706,0.0
1698,E1233_221,0.09171915401250363,1.7925090514391817,0.0011381748077703387,1.770573763762064,0.0,0.015075806393201012,2.1480433626079862
1699,E1141_88,0.06150359625845232,0.2700721955988001,0.05245332789760314,0.0,1.7234395421039284,1.8850181892399465,2.1709987419127144
1700,E1368_192,0.00023249804660411232,2.765661333355599,0.0,0.0,0.0026798234092761273,0.0,2.238933065312227
1701,E612_13,0.6341620770904177,0.5321578629729296,1.0694885240659295,0.0,0.7196823529844396,0.20824225033693733,0.6989379184675114
1702,E1323_72,0.8293536153095563,1.5813286301786285,0.6338102119418307,2.1693867191458502,0.5140476516827512,1.129739949098248,2.0651528778133628
1703,E1545_495,0.0,1.6731782814259364,0.0,1.8993023939368403,0.004968753989475034,0.0,0.0
1704,E1338_127,0.0,0.0,1.3206345621400783,2.1107497819529306,0.024885041358404112,0.017392821833215874,0.18100661084966468
1705,E929_86,0.3267187213479458,1.7439912094959054,1.4453596053037157,2.3135899990014352,0.6598397953535585,1.6493768637411903,1.4716188771448795
1706,E489_6,0.6431333130622222,0.7945203072513467,0.8495567522912022,0.0,0.988093276527348,0.9168889693445996,0.7854530025891899
1707,E136_18,0.39138955061085057,0.7174161306635339,1.0140064630743637,1.8886717506064583,0.8440046096569164,0.7179814015703015,0.0
1708,E525_292,0.0,0.030800312440594807,0.1104544601853336,2.0273997828075667,0.08825208580874838,1.946527905212704,1.7072370959132612
1709,E901_184,0.04359434780174274,0.029515899382231443,0.009268032693318405,1.893435091779326,0.06386436642058113,1.7581115986437532,2.2951066689937467
1710,E1756_55,0.08305369798908263,0.5267014295859666,1.4171616876780282,0.0,0.0,0.0,0.8324850031450025
1711,E146_422,0.030565591891251617,0.0,2.066402302885066,2.269419785771336,0.0,0.005178935350945305,0.0
1712,E857_367,0.09664362910829337,0.053661016002780566,0.0,2.2111563285895226,0.13417130388090567,1.2758398896735663,2.002674318109431
1713,E28_183,0.052347740078722636,0.17413336286389858,2.534798847024564,1.6177169609160629,0.0,0.03219490975947096,0.0
1714,E109_334,0.016586402645527354,0.0,1.9467145237519603,2.4636120017883565,0.02522317348617541,0.0023439073493655795,0.005682277351306376
1715,E1003_43,0.07143463420180703,0.9043448340387495,0.9703912261368636,0.0,0.5660374524547669,0.819988734412304,1.0919618918931921
1716,E234_131,0.0003689520962269996,0.0070643981573562465,1.7984712998289627,1.733675843490334,0.00511638700148019,0.0,0.0
1717,E1527_162,0.0,0.0,0.0,1.9220195660541128,0.5556934900495105,1.903299743023406,2.5294434927397944
1718,E543_147,0.01110238101668506,1.5504299584645875,0.020515645141628642,1.941594261447656,0.0,0.050047157350224934,1.596080385107309
1719,E308_62,0.3728809798418803,0.4892450707012592,1.1605427766868694,1.2168549237204132,1.2455103567078756,0.7149694804300849,0.7025059829442749
1720,E456_151,0.0060317687201892145,0.03563389843001912,0.0,2.1355141310830943,0.6312586130288081,1.788246396990656,1.726811915325814
1721,E1719_477,0.0,0.011094923071372841,0.02635270880467647,2.276483883495056,0.0606008571885453,1.8686746020395848,2.433298039873144
1722,E0_70,0.00773432645558552,0.0,1.9397625068236592,2.2848521297562194,0.634764954923134,0.08695629464297196,0.1896458457057418
1723,E1203_99,0.022738751521178328,0.0,1.9437381628701111,1.541489241512641,0.11571439868231342,0.7594598551754791,0.0
1724,E792_216,0.0,0.04260397147688668,2.125527920102728,2.1253643172878762,0.07286207548808643,0.0,0.06503872056108644
1725,E1075_207,0.0,1.6032172089001195,0.0,1.902233081146052,0.0,0.0,0.0
1726,E1824_433,0.011356403905767191,0.035760533672737016,2.255655316880726,2.0142635067711208,0.0,0.0,0.0
1727,E1676_3,1.0415540726869803,0.8640906566616001,1.0279267131139354,0.0,0.9257892289101224,0.8316866267254585,1.0705590702369634
1728,E13_470,0.02594859912797534,1.913487556127273,0.0,2.136314437247538,0.009026918916521907,0.005127815338703396,0.0
1729,E121_22,0.9510421793603824,0.5586784398458149,0.8386901309590665,0.0,0.8692725035202613,0.66995601057328,0.9744653108935472
1730,E906_434,0.03663088202796616,0.0,1.8453237578395183,1.6311102286605286,0.01990492969399843,0.0,0.0
1731,E444_108,0.026198830888001224,0.008347551195460467,2.0492731628710947,1.634100661683407,0.046348925346505566,0.04758090259193122,0.0
1732,E845_86,0.0,0.033429961057141036,1.4298664121715199,1.8211912974254945,0.04934487691030899,0.0916896379704,0.06416593644059859
1733,E1200_418,1.9029329617751185,1.3479096831819233,0.0,0.03718811946131695,0.007238085732902118,0.03742946619783452,1.8264203603366045
1734,E1970_206,0.1814726930656539,2.4521546898592983,0.011260852596724838,1.8716413084041523,0.430693671937007,0.02393732312703503,1.585161945419073
1735,E1197_233,0.04640249801208457,1.842403232895676,0.0,1.9199375498487936,0.017929507742513416,0.01042329406466548,2.2689665422153125
1736,E1084_482,0.0,0.005773172993591332,0.0031526903771956385,1.8551723927655133,0.0,1.9601243638814736,1.824050664547964
1737,E60_7,0.8487369361157587,0.6268282306724051,0.6999772435820738,1.082655368186387,0.8735058434691565,0.8106852409958274,0.0
1738,E87_441,0.00909486750704466,0.02431347686891816,0.0,0.0,0.0002172446919595436,1.6993462505076795,1.6028274930576667
1739,E228_407,0.006624148452947253,0.0,1.9058320875021344,2.559164265738893,0.011886042795118604,0.0,0.0
1740,E198_323,0.03110797128622408,1.6643915286960729,0.13991505438908594,0.0,0.0,0.04814145216159532,1.5374415831912709
1741,E1726_471,0.0,0.0,1.6175118516274651,3.1191563649644647,0.1461581902795216,0.017107533775422474,0.018013437638152576
1742,E51_426,0.0014365241640231438,2.550360608882956,0.0,2.270975623399376,0.0027167104931259327,0.0,2.0470688919607065
1743,E1039_1,0.8809598591997686,0.9508266102711946,0.9264632593419024,0.988591079350838,1.1510530315389362,1.1523233639475507,1.2005191755732394
1744,E1800_488,0.0,0.0,2.1352309849013897,1.74267447300114,0.012869844576849157,0.0,0.0
1745,E1863_288,0.03862928202360896,1.9798571896625663,0.06782685845635045,2.6670507450118923,0.0,0.02851155197395302,1.9813273278550079
1746,E1107_350,1.8529651749576923,2.211704990375832,0.005588023442211151,0.008880245705234036,0.012234176847162605,0.007982089289696738,1.8886753555364844
1747,E1100_397,0.014637941434530784,0.0,0.002903532024880971,2.110765265740084,0.07743696203341058,1.6005215119102136,2.0998596659610413
1748,E943_19,1.1541350514811075,1.214632323901541,0.9104651510546974,0.0,0.877864742663077,1.1378831986250773,0.0
1749,E265_337,0.07183404634245727,0.007728298029446875,0.025624405320692302,0.0,0.07384953931912486,2.126629872952509,1.9308617671769368
1750,E1204_164,0.0,1.8693322068488893,0.18877847621065985,0.0,0.0,0.010186494326442582,2.3864925073938634
1751,E1480_223,0.012071870560864931,0.8779374808178837,1.4306023006770412,1.9535579858763976,0.0,1.1724311385393882,1.6715995447723546
1752,E1948_205,0.039000709825882496,1.8912730526422807,0.15234011143618784,2.3284324537959287,0.0,0.02506925132067784,1.9833061334895323
1753,E1049_363,0.026027536277735103,1.9360684510487849,0.012659425471349458,2.2736258747061724,0.0,0.0027004747787063594,0.0
1754,E926_309,0.0,0.0,0.0,2.07821003766478,0.0,1.5197464946281387,1.5861921786818225
1755,E1332_273,0.025844426933214117,0.0,1.5943490086359442,1.7897062337998029,0.056492311300567866,0.005202284815905244,0.06096149618987519
1756,E170_241,0.010613312691427002,0.0,1.5494407239713015,1.6516000525723489,0.03881794578973317,0.015077383360231568,0.0011840903252959408
1757,E1898_304,0.0,1.7386154015333428,0.029540718432030787,2.037416835291993,0.0027436598255021136,0.0,2.1122904940329956
1758,E1752_227,0.0,0.0017915900373315606,0.0,0.0,0.11226938384993472,2.482850442842894,1.8054913964753216
1759,E668_495,0.0093080486426472,0.0,0.030322493726850683,1.6513869350452568,0.0,1.5767495401191642,2.167806703571062
1760,E331_30,0.2931132313648507,1.121568164729787,0.3899186601409878,0.0,0.2890473735665544,1.2968511246483478,0.0
1761,E1612_152,0.0,2.6951037572762315,0.3072843581602219,2.187588431075517,0.10167611974929164,0.0,1.7484723381252882
1762,E478_338,0.055855546404707135,2.138737251719548,0.0,1.7121511216524778,0.0,0.031184771167457017,2.070203564053521
1763,E847_263,0.0,0.0,2.1312921003293765,1.9511960685729441,0.04702254189946718,0.2474610447324266,0.1573710149071873
1764,E939_406,0.005938064942385329,0.007829088629998208,0.02298029865327152,1.9331828063817234,0.0,2.4002662699984083,2.003625780252666
1765,E1848_249,0.1758302242666383,0.0,1.4424285338391645,2.19382327790748,0.0,0.0,0.022950183759440995
1766,E500_290,0.0056313180657507214,2.2808397022191635,0.05767918885230895,1.9676186756997884,0.0,0.010079139221405077,2.098340542708288
1767,E1654_439,0.00046280624811161037,0.01976901766810371,2.1884200161501144,1.6502188609962272,0.004869514821644582,0.0,0.0
1768,E459_358,0.01889526647174836,0.0024722559346533487,0.0,1.9717384122835082,0.011385865918370718,2.4110208911523223,2.0583277665820123
1769,E955_334,0.0,1.8738741501517069,0.0,2.008877348517451,0.013232968157306796,0.0715129246408999,0.0
1770,E518_34,0.47152268260959296,1.2712846718581383,0.7956805793569185,1.1027124356538491,0.6496971686362975,1.018494672297426,1.7972897511426238
1771,E823_171,0.005071823448676526,0.0045330968128520464,2.1784497207476257,2.5886964296987087,0.016078410341097634,0.04211622653967586,0.0
1772,E17_26,0.06327149784943456,0.6921095542654369,0.5755845759564856,1.3324863919991308,0.2185868036325201,0.5136440036696072,0.0
1773,E1820_284,0.017515633271315792,1.0002087609328243,0.03804596417946729,1.7023106856199466,0.07889355883159349,1.8424380511264369,0.0
1774,E1519_46,0.04636812346448983,0.15007974631490092,0.9830396537689174,2.119033622070344,0.3039780300831965,0.7039382033430613,2.354415164313183
1775,E356_248,0.002544523571716646,0.0,2.003739844085413,1.9820733079385355,0.014878599729104812,0.0131466027852545,0.0
1776,E1071_326,2.0629584525852582,1.8905444148965884,0.02323586356453924,0.0,2.324573779465174,0.05883032762289795,1.9426148293115724
1777,E37_329,0.0009735968092912012,1.9184946092098167,0.0010697979083344779,1.722599135867152,0.0,0.0,1.6893393184811458
1778,E1191_157,2.1732164321958605,2.2718023789549373,0.0,0.0,1.2528807988891342,0.0,1.8630271613176161
1779,E18_460,0.0,0.0007402288246538269,2.0179106544837526,1.7076561136334107,0.006395243913508283,0.0,0.0
1780,E442_183,0.022449026043993386,0.0,1.5657538920480052,2.015593096131511,0.0008432937748088128,0.0002630834085095256,0.0
1781,E284_365,0.0,0.013531552261032259,0.0,0.0,0.0,1.99980658865032,1.9375315367830024
1782,E1401_41,0.49550123860143697,1.080721410080728,0.8366765218579959,2.502407264523385,0.6109602101268865,1.0781357391045374,1.596288636581639
1783,E586_29,0.1248600875163223,0.5471452742761456,0.4281449030801168,2.26925541396148,0.1064464278012472,1.4017075889277677,2.1609761423834613
1784,E382_398,2.2852305640427817,1.988142383952881,0.0004130650964700239,0.0,1.983815429900676,0.0,2.178758948058615
1785,E1493_54,0.0,0.8012757527279879,1.5103299700403383,1.8547641149690004,0.17568225634610168,2.2034533406183514,0.0
1786,E719_307,0.057000968123764074,0.0,2.1697221193429286,2.277842831000358,0.008862821883818784,0.0,0.0
1787,E68_227,0.07903419364203927,0.0,0.0,2.6495722128098063,0.005155320959158583,1.5282631298086298,0.0
1788,E1728_481,0.02241996757973929,0.06096367267458695,1.6291363385748054,1.9401566880978032,0.003424797947986011,0.0,0.0
1789,E407_246,0.006923067600607989,0.0,0.036764955816329464,2.096575581546809,0.0,1.978762502626406,1.5545267193893255
1790,E313_308,0.0,0.0035278962233274945,2.171981306978896,2.320502637540745,0.022384190003328832,0.04946585373944276,0.0
1791,E1392_152,0.037625985934992966,0.03918820355348967,0.7277352214342271,1.8631681114121208,0.049283988580452166,1.8901544084825967,2.572537486985612
1792,E707_464,0.005648582482309334,0.0,0.005284660755512191,2.1851342441454342,0.0,1.5442053242726663,2.6166212492099925
1793,E1762_354,0.021998119243757136,0.0,2.187668252093237,0.0,0.0268271156233182,0.007426211976235246,0.003695905957259365
1794,E56_435,0.0,0.13917963467192213,1.9937942639653703,1.9619985953167889,0.2791383583554313,0.0,0.025030570948780074
1795,E1231_53,0.0025683847289653425,0.0,2.1261911601605887,0.0,0.4354157705482461,0.0,0.0
1796,E1307_28,0.6361683664699433,1.002684311146462,0.2943966148548957,0.0,0.6114661422210181,0.9415022302046931,0.0
1797,E1830_7,0.4612265190101402,0.5552993189857894,0.7428551856739392,1.1451377354659442,0.6804596395506498,0.7023461592280407,0.0
1798,E1171_209,0.0,2.4160951695967583,0.0011740833791131565,0.0,0.02535059125944493,0.020884928758652863,2.107352716657162
1799,E1135_371,0.017241819342285043,0.0,1.823700869793164,2.295684777193989,0.10599330644600276,0.012575646964894887,0.016507807911420584
1800,E1553_314,0.0,2.1030408816220105,0.0,1.9946377555552128,0.5010309678575127,0.0,1.9453611197230976
1801,E1986_25,0.28157113287575064,0.1918992530215136,0.5337573311730144,1.083004161181954,1.631614177326545,0.7863032321197521,1.0679130811689668
1802,E1958_477,2.06831446958663,1.7661655432509409,0.020053299678711882,0.08445149727878909,0.07725286558370577,0.008552756436280244,2.1449049831585647
1803,E266_129,0.19086196178429485,0.28404781002842233,1.3874943394780732,1.866222085449126,0.06203260469339816,2.094544573461146,2.068270580807767
1804,E1826_21,0.5504318859224986,0.8927006473572224,0.6325119065946658,0.0,0.8307048001717279,0.8842839845932656,1.545855853132592
1805,E1563_155,0.00015649472914839669,0.0,0.0,1.918834212800144,0.009549158257071113,1.7838263299563448,1.978088029102565
1806,E150_273,0.06582510182651716,1.9807096916108595,0.00984734701235223,0.0,0.10377955300084826,0.0,0.0
1807,E107_23,0.05471370509390031,0.4041807323591368,1.089879023012682,2.2637013917184827,0.754317956361797,0.6376050699608988,0.8574836534803691
1808,E519_450,0.0271076102782773,0.008654535130623645,2.030795713331264,0.0,0.0,0.0,0.0
1809,E1720_238,0.09256012180555001,2.6944969308451245,0.0,1.7087739850931956,0.06754330296298758,0.0,1.6820465433227303
1810,E157_453,0.0,2.1171651332052903,0.01105315307810172,1.9224793809120044,0.01618225518068763,0.013709875742391079,1.9847562111233288
1811,E1633_429,0.00678875708637955,0.021766988556876442,0.024739546203450414,1.4730513665107248,0.0,1.4540491528875568,1.8204156082383431
1812,E48_8,1.1288811295159191,1.1622944021529775,0.7092821540130771,0.0,0.7089799844064704,1.0021850213196548,1.739912237133404
1813,E1774_235,0.002846076777135198,0.44273533860173936,2.7480348573915188,0.0,0.005376593815999883,0.3984644505105709,0.0
1814,E672_478,1.4511958250379182,1.6652722027398408,0.02235611866187109,0.0,0.046092870360892664,0.0,2.3945940737857314
1815,E418_291,0.0198397022215152,0.00039663591546631235,0.0,2.268910860506548,0.05386147406711817,1.9355468307241324,2.1526393989573203
1816,E1008_363,0.003020877796879413,0.0,2.1429445171528134,1.5991286805458782,0.036684107330309995,0.01450057125817634,0.0
1817,E1814_447,0.0,1.8223944954598768,0.0451128782549329,1.6273227332254925,0.0,0.08178852082786214,1.8486356823353693
1818,E781_429,0.009690637445646796,2.192878462455821,0.0009927710373983003,0.0,0.01252297332702748,0.003697701129336485,1.9522259572014744
1819,E1608_178,0.03280117228662072,0.0,2.0189387927310114,1.9995302612347001,0.015425861943775097,1.3135682210147903,1.2830092071219723
1820,E1922_91,0.6963493589483934,1.6294929708481851,0.03950957870687774,1.0067964556263267,0.1584419050049883,0.36180922981426816,1.4649506213156502
1821,E1945_170,0.0190125582151369,0.0,0.0,2.3961271418801453,0.2936701787069155,1.8700844201179696,2.34401495995732
1822,E689_31,0.3163891815320357,0.3385311688506262,1.4612714901652315,0.0,0.8730794822904038,1.0195012289653094,0.0
1823,E526_65,0.23891229910123346,1.0315861128520365,0.9955437998665936,1.1545807210263344,0.26787837711621443,0.5801457331544135,1.9571968243843312
1824,E242_405,0.045936367627414834,1.6355997338716726,0.0006021449956084806,1.5305538402104542,0.034237237092034106,0.0,1.6623500649965484
1825,E987_325,0.0,0.0,2.137772835660765,1.938374403261819,0.0,0.0,0.0
1826,E1528_106,0.2585673466911388,1.4868576875592356,0.033115032929011176,2.1705118413791102,0.29869351274634715,0.3425172386799967,1.8674476855161288
1827,E1651_359,0.016929242866469962,0.2709928495215917,1.943795632275647,1.9248586976621656,0.0444163717932576,0.0,0.0
1828,E1862_123,0.001978386669780221,0.3715829038554364,2.014725372784864,2.2951320861534312,0.006872161816391498,0.010763648638380231,0.0
1829,E805_354,0.0,0.0,1.67735622748925,2.3056648574959744,0.0,0.033418570542401216,0.0069748474383891
1830,E976_266,0.01160880881315151,0.013853248457833544,1.8428456212502844,2.268763197279128,0.0,0.0,0.002048579964940719
1831,E1132_243,0.0,0.07277122813999798,0.002797939777700695,2.0288370077462754,0.01315258372340327,2.343070601724424,1.889889886657516
1832,E124_454,0.0,0.05188748071025997,1.9433401778609447,2.2555831619731648,0.09377190846726656,0.02413895629077381,0.0
1833,E1801_56,0.02277054152660415,0.26188708115747944,1.7503690163274936,0.0,0.0,0.8875999088996399,0.7678773928293968
1834,E574_358,0.0,1.4772409625623288,0.0,0.0,0.07781510418386653,0.005621120854481385,2.6940627416070453
1835,E1260_472,0.0705340960313898,2.24941422472404,0.012971326942573157,2.047068063591577,0.131902064511235,0.003279017225374867,2.5913700077046418
1836,E677_174,0.03005388525222572,1.7719749082688192,0.9074513955273862,2.3554596204063385,0.0,0.6656141547303489,0.0
1837,E1990_421,0.0,0.0,0.0,2.0416357380636514,0.0013153815977445978,2.165874496842396,1.8694823151647528
1838,E1502_263,0.0,0.11489591650804665,1.5180343517312578,1.2902475012923742,0.0,0.2507552701431576,0.0
1839,E84_405,0.027865202799262585,2.0775580467509465,0.0,2.2765185198369458,0.2978687850620891,0.0,2.3986400188827965
1840,E1178_419,0.017657490808176628,0.0,0.015425979680987809,2.0384157922809734,0.0,1.4174433321282411,1.898000794760554
1841,E985_277,0.0385020565036612,0.0,2.05766069323756,0.0,0.0003218980088894408,0.0,0.005892081267244624
1842,E1048_120,0.03813595977785722,0.0,2.394383801894076,1.8003147883297368,0.36976676220002014,0.0,0.0
1843,E446_144,0.0543394930483667,1.7927320115576335,0.0,2.0021474528988104,0.06154911860200321,0.8054466572168185,2.083159665411143
1844,E1606_284,0.010152564106239005,0.0,2.292005137180152,1.7470794357018269,0.2540222635941743,0.1669870753800362,0.05371514129783079
1845,E1402_234,0.006091501171399851,0.0043606874001053545,1.7155394769982164,2.145456900286701,0.026043272942721053,0.02259775806175447,0.0
1846,E419_117,0.35425083665347595,1.1131262975173617,0.3226404716762309,0.0,0.4125892119233302,1.536837860884392,0.9563574578373896
1847,E1520_451,0.0010237389253324233,0.0,0.007031040662466579,1.7226816898570023,0.0,1.4312670893470485,1.7810781915520577
1848,E852_343,0.0,0.0,0.0,0.0,0.0,2.1070805197748705,1.935887927629656
1849,E1246_297,0.0033154820321909225,0.004105964410078076,0.03960661205804813,1.7961022335759689,0.0,2.131104258691332,0.0
1850,E1009_160,0.01758959253431111,0.0,2.152783957815889,1.9767680941886512,0.10674472137093263,0.0076279671266390485,0.0
1851,E70_54,1.798787852099472,1.3108496624107753,0.7154394608560267,0.0,1.495699662043542,1.2928279644008849,1.3321333813332477
1852,E1835_120,0.0,0.038549155135490835,0.1562764313871375,1.8978787945777256,0.3574256374850004,1.7337376098176902,2.1179108480705557
1853,E1973_480,0.019824070970886124,1.7289004218773618,0.0009297278358320187,1.9657928733606005,0.004745763680229579,0.0,2.833102925989403
1854,E110_46,1.2874721439743415,1.1887299467340522,0.5464090347003069,1.0398079388975434,0.6345910162945803,0.92315622562663,1.9389915022558024
1855,E402_235,0.0055517984780132324,0.00448764387788169,1.6725493908069913,2.1642749251009463,0.03135019981124227,0.014594692744392563,0.041341016777068806
1856,E1645_456,0.025943312310514333,7.156448909447291e-05,0.07421994657907667,2.038111649810823,0.0,1.9163158170630321,2.0058065588967686
1857,E430_261,0.10854714711760947,0.0,0.011666851328382594,1.7429010204748414,0.0,2.1595430984116786,1.982611481264157
1858,E596_177,0.0022220377379726106,0.0,1.6520509460823756,0.0,0.05476132182347899,0.0,0.0426054262986703
1859,E550_288,0.052811816410274944,0.012414485262957416,1.9789385596258917,1.8857645459722925,0.0,0.010454150124128684,0.0
1860,E542_488,0.02942785189639274,0.03428032999420466,0.0,1.8631222917171504,0.0055670340900539975,1.9766955950798684,2.351780070957546
1861,E450_336,1.6130869084736261,2.149751265779282,0.02806764956456493,0.0,0.039476500367029516,0.0,1.982614376531928
1862,E695_226,1.6967744007623289,3.100510218310747,0.0,0.0,1.957568882563225,0.10514174376501847,1.6368871337117654
1863,E1888_486,0.02026598638395952,0.0,2.6277686693033235,1.7960581517705552,0.09854287218674143,0.0,0.00238495209314733
1864,E393_476,0.0670915390134343,2.4609165519613594,0.0014197333262150804,1.9621353364366765,0.03852505384320658,0.0,2.5665535276021734
1865,E1302_367,0.0,0.0899611185145772,0.0,2.548115507135517,0.0006182203780993021,1.659308560251978,1.953355574863887
1866,E1262_211,0.0,2.306118421341618,0.01096464575469258,2.2141657548887013,0.060618598576464025,0.0,2.0052067931086053
1867,E509_18,0.7705974788026955,0.8841820807420789,1.3950359038330125,0.0,1.6476789913665368,1.3048606308963089,1.7521612683018188
1868,E1161_449,0.025479654603847383,1.4797945605077858,0.002516753211381608,1.9788357077399552,0.0,0.0,1.6175584186007663
1869,E1057_57,1.0014201672298215,0.9823888841680412,0.2009523305496088,1.353710581982339,0.3170088693700078,1.7931063461362866,1.4705686683615848
1870,E1512_373,0.0644356263980634,1.9970794143430552,0.012789828589262071,1.8548933043261349,0.0003891212748340853,0.04979673688779127,1.8689002237865464
1871,E997_99,0.3117944943867709,0.8273704598503058,0.002190851191256695,1.983098048009699,0.13415309954340435,0.6696462155935181,1.959833034958684
1872,E1790_419,0.0,0.004810509183128053,1.892192250874696,2.4665137143844493,0.36148459131591015,0.029667423067559175,0.008058413547931671
1873,E1150_309,0.05432397358213312,2.017544263038096,0.034857210599076274,2.451947476575187,0.04555285824987439,0.035348665028432244,1.944074795895821
1874,E32_227,0.0,1.8024008123521909,0.0,2.3551639914455222,0.0,0.0,1.8309274663271016
1875,E279_156,0.7529786428072865,1.98597312793881,0.0,0.0,0.29673540382110464,0.006854380370551661,2.1820128417499043
1876,E1201_162,0.02370977258829774,0.20533009614076805,0.06170072156214751,0.0,0.03452331476948836,1.9496465104079448,2.278672600247554
1877,E1344_295,0.0329660782153383,1.5183942421241912,0.0,2.0916972843382267,0.05208880761875817,0.0779934059377384,1.9911075487186447
1878,E1625_288,0.0,0.01575583755188574,1.8191171025941013,1.8875269307212998,0.04830433527292932,0.0,0.007292354196872487
1879,E232_188,0.04614898459355499,1.8841872535292377,0.3536872747884688,1.4873155547995516,0.006284332724466383,0.0283006458498993,1.7485420439155943
1880,E848_33,0.5435512606709989,1.246750540309708,0.7988221793571609,1.3109941497640072,1.2939000264452982,0.491006182906441,0.0
1881,E938_224,0.0,0.01680145817676499,1.7690548796335286,1.6164141962140448,0.04678012281376849,0.058095682397684686,0.1518814019982045
1882,E1300_434,0.010213651800675284,1.7589001607614725,0.0,2.1471293326045333,0.013352594221187015,0.0,1.424163878882581
1883,E572_196,0.006559139751036556,0.0,2.54880245441426,0.0,0.0,0.0,0.0
1884,E1181_314,0.0,1.525718814447479,0.10533622162446801,1.8032840045679683,0.0,0.0,1.7660007452157809
1885,E1871_58,0.05990260483439721,0.4394210181320604,0.24802182679308346,1.694644591000941,0.3801310361613727,1.7013235718259023,2.4735704970700536
1886,E168_339,0.0,0.18914679438328252,0.0012100167072143266,1.4693230851762855,0.0,2.259397252035654,1.4479334130961878
1887,E692_10,1.2211812568860674,0.5872301261193945,0.7315994950642146,0.0,1.1164443230297671,0.8733229556860623,0.0
1888,E1270_328,0.03589739269722623,1.5831919303580138,0.0,1.529633402874536,0.019238639828568247,0.013106120019218846,0.0
1889,E536_395,0.03576381454990775,0.02331572294818529,2.0417788726333987,0.0,0.009742593775896506,0.0,0.04202530540437152
1890,E1662_338,0.007983327396676659,0.0,0.001755398126472397,1.9774294371012389,0.00026742796396104704,2.3237290186277466,1.869900613030384
1891,E381_77,0.2571327312646253,0.4044084219932959,1.6756327615813869,0.0,0.14714386833595033,0.1734020433423113,0.0
1892,E1730_259,0.002751078236844868,1.4535131988942491,0.0,2.4485396725635984,0.004289404510656748,0.0,1.6930297218177566
1893,E205_59,0.10911217924769837,1.5802312566099703,0.04277798922407886,2.256824146995569,0.123626863549175,1.1719836431362207,2.185969434662878
1894,E1437_314,0.04762360607064299,1.8352542637196911,0.016283271439944163,2.0508364779848907,0.0052829377161769464,0.002487839378432093,0.0
1895,E1650_178,0.09297052992770226,1.9580245175199804,0.01285105787322914,0.0,0.07595891904669043,0.44221689233111744,1.923285907917054
1896,E1946_405,2.084861689800761,1.9509972409378389,0.0021867571719428255,0.0,1.6193676912706858,0.0,1.7752600675942063
1897,E1482_103,0.07776756258533224,0.16791969016669755,1.7345224362079688,0.0,0.09293178306046633,0.3121745426526965,0.28750655223532234
1898,E233_163,1.969099973435421,2.350310645175788,0.008964669967037917,0.005571300912013463,2.0126621843652432,0.007179224594301299,2.1156490462106707
1899,E1521_185,0.1170596420580953,1.4894312954514268,0.02068826789715729,2.6168940787376345,0.06919874757329295,0.3515804203390944,1.9656470158460149
1900,E1514_176,0.0,0.0,1.474491618751415,1.7711501322150218,0.0,0.0,0.0
1901,E1870_225,1.9537778709064864,1.6348796235783305,0.0,0.0651692531160919,1.91013219499446,0.04704719451267236,1.7493330026354708
1902,E377_372,0.0,0.29002170213261264,2.25343688137783,1.9980788627793349,0.0013310387024459054,0.2794056626182711,0.2416716449467839
1903,E1638_103,0.27598336757949404,1.440423479874579,0.3793604544237292,1.5558962344781149,0.5495150107456922,2.0243400143763903,2.3749119813266004
1904,E1723_393,0.007658226077888623,0.0,0.012926025055981102,2.389157103568727,0.1144405798676251,1.8229401561501075,1.6425254817082937
1905,E1696_478,0.009765054052026696,0.0,1.7161955891530858,2.1251017134392125,0.06344007511314184,0.0,0.038131327248332895
1906,E557_158,0.06141940512184627,0.7910447626308382,0.33214600414531953,1.8638240244587048,0.09845958475386236,0.8900487371303261,0.0
1907,E577_292,0.008050499594274285,1.816342387142628,0.04842300536004253,1.5769219298140589,0.002763057890387584,0.0,1.7723489608992695
1908,E791_175,0.11724498821394408,2.2292792880689163,0.0,1.9987374676284084,0.04007010942273389,0.12045755185838045,2.57601583813502
1909,E836_361,0.03346869053156847,1.8212592632854687,0.0,2.38596129026416,0.0,0.0,2.224533216883679
1910,E933_146,0.0,0.0,0.02301767099192419,1.7005921746478492,0.0,2.238560654974881,1.954440971640348
1911,E1393_87,0.04990411414055862,1.2198193323178124,1.2205379489936452,1.8602450574595402,0.2021908738013292,0.2997747951309456,0.0
1912,E1935_60,1.5099525538227505,1.230123490762928,0.11754985153183158,0.8538639294139373,0.7051930920860361,0.9702103566319926,2.3072848117048097
1913,E1571_92,0.037785335661672345,0.0,1.5368335338427497,1.6157996904524652,1.2169498320758685,0.0229499457461682,0.0
1914,E538_146,0.09382280719751046,0.0,1.959442883008404,2.239497051449964,0.0,0.0,0.0
1915,E511_36,0.28695789430278223,1.4611686849709151,0.17276269122446447,0.0,0.11210537782691804,0.3601547292542734,1.7824733042028431
1916,E22_122,0.0885098873191881,0.07420598196516462,0.015520900328447869,1.884910408436768,0.017242167107726962,2.1635470661392002,1.5976730221836712
1917,E891_488,0.0,0.056658186400620876,0.018040544405142588,2.0497734860647805,0.0,2.033028293040817,1.8824638747348352
1918,E865_395,0.004792181021779925,0.00034139401496100516,0.011608737999716082,2.2156742453875085,0.0,2.259120518850498,1.7228538022942559
1919,E1894_333,2.4461134495402237,2.267022045683804,0.009762535569279621,0.0,2.424317422943451,0.0,1.8765570938656482
1920,E1813_332,0.05155479226330463,0.0,1.7510198300364852,1.8035246941277003,0.0,0.0,0.0
1921,E759_4,1.0526853443639208,0.9878089837254144,0.9984944632455318,1.0859553072181254,0.9400343085345896,0.5270481812527803,1.5562760770736266
1922,E1404_354,0.029448193173609964,1.6106859126903068,0.027560126592417068,1.4770333569128884,0.0145725653096023,0.0,2.222474923947979
1923,E345_228,0.0,2.268914223737493,0.0,1.5980396953382001,0.0,0.0014227376585615645,1.5466307034037452
1924,E1447_335,0.0,0.0,0.01460734926123416,0.0,0.0022583447510898533,1.4372008352306025,1.6880690768710012
1925,E1491_191,0.12130083135995325,0.09416468572367227,0.0,2.0346330238085475,0.0021917324942274377,2.556464237054516,1.932230447318779
1926,E1312_182,0.0,0.03777943472760886,0.020865316642983328,0.0,0.008172344956952009,1.4815892765430656,2.39047982746542
1927,E303_107,0.10537658413790467,2.21670716474019,0.198749138821838,2.038444859618641,0.03381563364317534,0.044296165309721934,2.199735705698893
1928,E1634_348,1.9163033692509608,2.3080847827879367,0.0,0.14662385613488352,2.4391986262610352,0.0232326266377124,2.0833899414907004
1929,E1867_357,0.0,1.7867773391135824,0.0,1.783203755708899,0.02134651930257707,0.0,2.1768921003370623
1930,E647_458,0.0,0.0940865491529744,1.7045475215721857,1.748591583242837,0.0228707614179324,0.12828389720394884,0.0
1931,E655_270,0.04245169867224048,1.864560033984124,0.0,0.0,0.014908655606000978,0.009350298270760931,2.3279655042330507
1932,E114_206,0.0033817159848828146,0.07241994877782752,1.96934305352518,1.9075595653765176,0.09187824383232014,0.0,0.15748119293843213
1933,E892_416,0.0,0.0,1.6931515324113229,0.0,0.0,0.0,0.0003333582674024092
1934,E1288_243,0.07191879640256242,1.8511950922228584,0.01080948298888368,2.4757877130004067,0.04342547424593278,0.0,2.057746800542924
1935,E355_318,0.0,0.0045274281426964606,0.0,2.2491803809886908,0.0,2.078219585718666,1.9867513776216783
1936,E1481_113,0.08820967978827696,1.0894980826893892,0.0,1.7943232128576905,0.0,1.9510650781222976,1.9384396971652689
1937,E822_458,0.0,2.3697423976396204,0.00024000432133300102,2.121478993549006,0.0,0.013286693364992944,0.0
1938,E395_304,0.04082347444791568,0.0,1.3097678684499516,2.050666624171632,0.007982971278609726,0.014971294041879453,0.0020956660446970234
1939,E1902_96,0.0,0.0,1.6168783805116345,1.5996198282958505,0.0280983666527951,0.8660410639703012,0.0
1940,E1968_452,1.9351326005310647,1.8533023374948918,0.0,0.0065120703453510394,2.167347296373739,0.0,2.32448383067504
1941,E789_8,0.6755817581104253,0.8531967321052487,0.8640711422938657,0.0,0.8599040883373935,0.9263124737460552,0.8842910511522069
1942,E786_197,1.6405751988809265,2.212229201237576,0.01231223955071816,0.0,2.0800916304445884,0.008263462924321566,1.9844468623781608
1943,E947_88,0.10146049054809544,1.7822394609572596,1.6799423872103023,1.9041071977022133,0.21694704177880675,0.0,0.6646407634097679
1944,E1967_142,0.0054809759151128856,2.000652801810059,1.7383637689852542,2.091813100558044,0.025979881233993533,1.2183717859452838,1.8155474586019769
1945,E1046_498,0.020907969419788487,0.0008517907854515423,2.012287646567299,1.2434531691224355,0.0,0.024041250997039985,0.0
1946,E1572_412,0.004962972872756984,0.0,1.9484718459304555,0.0,0.01113239457239972,0.0,0.0
1947,E81_19,0.2271533963727403,0.9044348835404824,0.9297517068867578,1.3832779368145869,0.3411805619212757,0.7973284597765582,0.0
1948,E80_348,0.0002394036807050897,0.0,0.0009933458109028688,2.140804297675885,0.06313167353154378,1.8743866998549208,1.9336002286388505
1949,E1098_236,0.0,2.2096813778193645,0.012334513744571712,1.7630407576877032,0.0,0.07072296732185769,1.6876332281171658
1950,E1074_177,0.0,0.20515717739503608,0.0,1.867656892497216,0.0,2.4024136654930084,1.4401027803822954
1951,E554_76,0.4524871220997546,1.4131213669964018,0.039642579174921096,0.0,0.9254599382650212,0.4563636178249123,1.7997205701396446
1952,E936_449,0.009802121956272074,0.03092783515778093,0.02520812709520516,2.0539046640908407,0.002299469251738757,2.2353326950025614,1.6129120669703267
1953,E1088_446,0.004014220641437835,0.0,0.00762714916508749,2.244026213308175,0.0,2.2903097470307543,0.0
1954,E145_314,0.0,0.0,0.0032187828497048307,1.8813173727250103,0.0,1.799406940125796,2.16978638266536
1955,E204_269,0.0,1.7852385363059822,0.04012986199848901,2.2187267921271814,0.0,0.027436050414418503,1.8881177791114427
1956,E1162_193,0.026733039738083518,0.0043172289479592755,0.002584634264904561,1.9618303572355489,0.0,1.6031021460563015,2.0000258205156274
1957,E1426_423,0.090337730586928,1.8320285560029248,0.0,2.1961632769219928,0.0171658996053337,0.6703453050677726,1.6488492867579996
1958,E410_204,0.036669378326540734,1.7890821805723054,0.0,2.375431624009331,0.1109066854623128,0.1130998743669418,0.0
1959,E1076_84,0.024709060445389768,0.26331037703064303,1.2806978483522655,0.0,0.32745743101396474,0.5039926121550423,0.8578195102280559
1960,E309_499,0.022759391973410318,0.03826888509461237,2.0542693049063114,2.072440999678152,0.017842792002966634,0.03592253409195148,0.0
1961,E26_237,0.0686116727330251,0.11781430819249207,1.925305770618544,0.0,0.021077779059228727,0.0,0.0
1962,E963_149,0.01446497037298891,0.3761895860278552,1.6921229660146784,1.8570422612786344,0.0,0.41747635733497895,0.0
1963,E1305_167,0.05765983141267539,0.3522717437348996,1.5992462935195582,1.6041579804428423,0.0,0.505793963849432,0.0
1964,E346_180,0.01271998194455412,0.04709941680617104,2.1506058179278327,0.0,0.01727749500192241,0.006515942797588197,0.0
1965,E1829_154,0.03632810341859331,0.01699030094072174,1.8342595934693235,0.0,0.06295977984132506,0.005987518692669131,0.0013857654163746884
1966,E1068_468,0.01248054769310444,0.0476158411058828,1.5027819236056503,2.1442428355602483,0.0,0.02534260789950474,0.031480077342305526
1967,E549_412,0.0,0.0,0.02634195471341956,2.693815411506323,0.0,1.8004638486579037,1.7880008038962114
1968,E1886_479,0.030919614701988382,0.0,1.859460663779836,1.97636856013102,0.0,0.0,0.0
1969,E687_171,0.00015267893456491624,0.0,1.977979151647231,1.6548769999760333,0.0,0.002220419144312683,0.0
1970,E1995_46,1.1966406002013343,1.3044383955488692,1.8224976227568488,1.865281487942442,2.0453420855826745,0.43325414095410814,1.39473735184243
1971,E1487_266,0.056387473136773524,1.4574408851416445,0.007829453479525203,2.590455568385805,0.03411097935608105,0.0003091260947895041,1.8889794195965195
1972,E274_36,1.078466524756208,1.5367979961764813,0.19805946547113776,0.0,0.6299109312705535,0.980363012785342,2.02644643253345
1973,E909_308,0.012023462387845513,0.0,1.8584647909033205,1.5306735739311939,0.016378655664477163,0.0,0.0
1974,E1758_312,0.05098012374228153,1.5630642120299263,0.13318801563667906,0.0,0.029022541407985426,0.049160939312692206,0.0
1975,E1667_184,0.013431356225122313,0.0,0.0,2.112650080995816,0.09795469416749604,1.532428003435151,1.7627773646999303
1976,E53_360,0.06009117262818296,0.0044040933974592465,2.160940125987919,1.5832211390722728,0.021081143330327096,0.0,0.0
1977,E99_46,0.2685300030506501,0.3726758088587455,0.22366086770388105,1.8023114016891248,0.0,0.6415268412544413,0.0
1978,E294_151,0.0,0.5568384109943527,0.0,1.6356030096028094,0.0,2.0764038631086,0.0
1979,E1253_239,0.0008815611927274256,0.20446588211047007,0.011492502491524049,0.0,0.007921530991594393,2.0101921959779108,1.8337897529045792
1980,E392_257,0.0005906183323953348,0.4084560203632833,1.778443186489452,2.0741884108054642,0.0273120175007418,0.2517187381432742,0.0
1981,E1646_492,0.024569077644699656,0.0,0.0,0.0,0.0,1.3804421439310397,2.218172496882948
1982,E1287_118,0.0,0.0,0.9645757308725296,1.6690136526158823,0.0,0.030877551675991606,0.0
1983,E383_78,0.06720816141280248,0.4618054636626128,2.1790555893182657,0.0,0.22115631032877067,0.11759052968597485,0.3149192307299085
1984,E835_245,0.006287826593329651,2.42377330968397,0.0,1.4236634217492758,0.03216236429549495,0.0,1.6695311215505186
1985,E201_117,2.8695820829367595,1.8140379153804544,0.017446828490108906,0.0,1.8024850168654127,0.0,2.4999213979417116
1986,E1663_279,0.0015561689354805838,0.2305843362943349,0.03529403078579599,2.0227696530244987,0.0,1.5603017221918771,1.7439361697471232
1987,E495_165,0.029627684799522793,2.5941325718755475,0.0,2.170008025330847,0.02196054195591321,0.03087882582836032,2.454189542774708
1988,E1833_403,0.20982934250698768,1.7252326676201328,0.0028270131816243915,1.7766982530958078,0.12168337878893552,0.0,2.1077905683056417
1989,E427_117,0.0,1.1720253539955925,0.12805813978841746,1.8786960337456964,0.0005028115694340873,0.0,1.4923920121192935
1990,E930_241,1.9485654316906962,1.5261320415615791,0.0,0.0,1.9994306674003082,0.07046864565567934,1.930224460395733
1991,E1400_116,0.0,0.0,0.009115663878959422,2.1345370679073183,0.13281007451593668,1.557152732488852,2.127551975694476
1992,E816_480,0.0,1.6030992207441477,0.0,0.0,0.1315724436911296,0.008967415715549876,1.8133618967598157
1993,E746_143,0.0,1.8628485201231482,0.0,2.4349293815019344,0.3423728473038664,0.009678746261081114,2.215450944168254
1994,E1701_161,0.0,1.8630322000901405,0.010748504133815598,2.2768528817143565,0.0014497304309537828,0.0037626894959420006,0.0
1995,E1348_198,0.0,0.3402382759245661,0.09178925855634716,1.7982174597720793,0.01427329481341349,1.9526163994976584,2.176113008371248
1996,E186_392,0.057542338209759486,1.9215623404669397,0.0,2.1227918832720736,0.0057366958084399435,0.0,2.0791290722447244
1997,E433_402,0.02226742913485984,0.012381723239245204,1.948096835496844,0.0,0.015621653514239822,0.0,0.0
1998,E112_63,0.0,0.5754182016248482,0.2489922283597466,1.8656325522899655,0.26356856065474504,0.34143996092222473,0.5478199363714039
1999,E493_234,0.047288401645262254,0.005528220322291786,1.920625140815847,1.5945616868088135,0.006552834627926083,0.0,0.0
